name_en,name_marathi,name_hindi,romanized_variants,kind,lat,lon,ward_2022_id,ward_2022_name,coord_source,notes
Ajmera,अजमेरा,,Ajmera,suburb,18.633712,73.814069,,,osm_overpass,node/1429383158
Aundh,औंध,,Aundh,suburb,18.561883,73.810196,12,Aundh - Balewadi,osm_overpass,node/245648364
Balewadi,बालेवाडी,बालेवाडी,Balewadi,suburb,18.582027,73.768983,12,Aundh - Balewadi,osm_overpass,node/6616669384
Baner,बाणेर,बाणेर,Baner,suburb,18.558994,73.784523,13,Baner - Sus - Mahalunge,osm_overpass,node/6616602606
Bavdhan Budruk,बावधन बुद्रुक,,Bavdhan Budruk,suburb,18.521866,73.765131,14,Pashan - Bawdhan,osm_overpass,node/4082315378
Bhosari,भोसरी,,,suburb,18.621009,73.85013,,,osm_overpass,node/1226551292
Bhujbal Chowk,भुजबळ चौक,,Bhujbal Chowk,suburb,18.5978,73.760753,,,osm_overpass,node/12942413820
Chinchwad,चिंचवड,चिंचवड,,suburb,18.631581,73.78546,,,osm_overpass,node/681268678
Dattawadi,दत्तवाडी,,Dattawadi,suburb,18.500698,73.843011,37,Janata Vasahat - Dattawadi,osm_overpass,node/245646391
Deccan Gymkhana,डेक्कन जिमखाना,,Deccan Gymkhana,suburb,18.515893,73.84116,16,Fergusson College - Erandwane,osm_overpass,node/674076717
Dhanori,धानोरी,,Dhanori,suburb,18.590671,73.891319,1,Dhanori - Vishrantwadi,osm_overpass,node/1226589191
Erandwane,एरंडवणे,,,suburb,18.508749,73.831843,16,Fergusson College - Erandwane,osm_overpass,node/1645629886
Fatima Nagar,फातिमा नगर,,Fatima Nagar,suburb,18.50451,73.902129,,,osm_overpass,node/672691437
Ganesh Nagar,गणेश नगर,,Ganesh Nagar,suburb,18.592712,73.862597,,,osm_overpass,node/1226586224
Ganesh Peth,गणेश पेठ,,Ganesh Peth,suburb,18.515422,73.864737,18,Shaniwarwada - Kasba Peth,osm_overpass,node/245646887
Ghorpuri,घोरपडी,,Ghorpuri,suburb,18.526854,73.900096,,,osm_overpass,node/674922373
Gopalpatti,गोपाळपट्टी,,Gopalpatti,suburb,18.509726,73.965089,22,Manjari Bk. - Shewalwadi,osm_overpass,node/8256715250
Guruwar Peth,सोमवार पेठ,,Guruwar Peth,suburb,18.511359,73.85762,29,Ghorpade peth Udyan - Mahatma Phule Mandai,osm_overpass,node/1645591500
Hinjawadi,हिंजवडी,,Hinjawadi,suburb,18.592753,73.738215,,,osm_overpass,node/9455603476
Kalewadi,काळेवाडी,,Kalewadi,suburb,18.60697,73.783539,,,osm_overpass,node/10252853325
Karve Nagar,कर्वे नगर,,Karve Nagar,suburb,18.489421,73.821347,36,Karvenagar,osm_overpass,node/3645664490
Kasarwadi,कासारवाडी,,,suburb,18.601277,73.823698,,,osm_overpass,node/691259917
Kasba Peth,कसबा पेठ,,Kasba Peth,suburb,18.521911,73.858268,18,Shaniwarwada - Kasba Peth,osm_overpass,node/245647083
Katraj,कात्रज,,Katraj,suburb,18.453679,73.85632,56,Chaitanyanagar - Bharati Vidyapeeth,osm_overpass,node/245645249
Keshav Nagar,केशव नगर,,Keshav Nagar,suburb,18.532266,73.938384,23,Sadesataranali - Aakashwani,osm_overpass,node/1754044068
Kharadi,खराडी,,,suburb,18.551276,73.941658,4,East Kharadi - Wagholi,osm_overpass,node/1796628053
Kondhwa,कोंढवा,,Kondhwa,suburb,18.477991,73.894063,43,Wanawadi - Kausar Baug,osm_overpass,node/1998625324
Krushna Nagar,कृष्णा नगर,,Krushna Nagar,suburb,18.473919,73.917831,46,Mohammad wadi - Uruli Devachi,osm_overpass,node/1223050242
Mandalay Lines,मांडाले लाईन्स,,Mandalay Lines,suburb,18.549488,73.842405,,,osm_overpass,node/245647977
Mangalwar Peth,मंगळवार पेठ,,,suburb,18.524339,73.859208,18,Shaniwarwada - Kasba Peth,osm_overpass,node/2258420056
Manik Baug,माणिक बाग,,Manik Baug,suburb,18.474885,73.821084,52,Nanded City - Sun City,osm_overpass,node/5697466014
Model Colony,मॉडेल कॉलनी,,Model Colony,suburb,18.53143,73.837451,10,Shivajinagar Gaothan - Sangamwadi,osm_overpass,node/761948629
Mukund Nagar,,,,suburb,18.495217,73.866224,39,Market yard - Maharshinagar,osm_overpass,node/11445829682
Mundhwa,मुंढवा,,Mundhwa,suburb,18.534322,73.929826,21,Koregaon park - Mundhwa,osm_overpass,node/638665220
Narayan Peth,नारायण पेठ,,,suburb,18.515579,73.851077,17,Shaniwar peth - Navi Peth,osm_overpass,node/672156914
Navi Peth,नवी पेठ,,,suburb,18.50927,73.84415,17,Shaniwar peth - Navi Peth,osm_overpass,node/245646635
Old Sangvi,जुनी सांगवी,,Old Sangvi,suburb,18.574108,73.820377,,,osm_overpass,node/1171659458
Pashan,पाषाण,,,suburb,18.53867,73.795254,14,Pashan - Bawdhan,osm_overpass,node/761969935
Pimple Gurav,पिंपळे गुरव,,Pimple Gurav,suburb,18.587446,73.821308,,,osm_overpass,node/10854299708
Pimple Nilakh,पिंपळे निलख,,Pimple Nilakh,suburb,18.569661,73.794051,,,osm_overpass,node/1432902742
Pimple Saudagar,पिंपळे सौदागर,,,suburb,18.598155,73.797766,,,osm_overpass,node/4714951302
Pimpri,पिंपरी,,,suburb,18.613424,73.80292,,,osm_overpass,node/681267312
Pune Cantonment,पुणे छावणी,,Pune Cantonment,suburb,18.510907,73.885102,,,osm_overpass,node/669519639
Rahatani,रहाटणी,,Rahatani,suburb,18.602483,73.79599,,,osm_overpass,node/10252853326
Sadashiv Peth,सदाशिव पेठ,,Sadashiv Peth,suburb,18.510776,73.850215,17,Shaniwar peth - Navi Peth,osm_overpass,node/2266580378
Sahakar Nagar,सहकार नगर,,,suburb,18.49008,73.84753,50,Sahakarnagar - Taljai,osm_overpass,node/245645880
Shaniwar Peth,शनिवार पेठ,,Shaniwar Peth,suburb,18.519284,73.852486,17,Shaniwar peth - Navi Peth,osm_overpass,node/2266580379
Shivajinagar,शिवाजीनगर,,,suburb,18.529459,73.847825,10,Shivajinagar Gaothan - Sangamwadi,osm_overpass,node/1229128806
Shivane,शिवणे,,,suburb,18.467041,73.793065,35,Ramnagar - Uttamnagar Shivane,osm_overpass,node/3385571867
Shukrawar Peth,सोमवार पेठ,,Shukrawar Peth,suburb,18.511354,73.854011,29,Ghorpade peth Udyan - Mahatma Phule Mandai,osm_overpass,node/1645621271
Somwar Peth,सोमवार पेठ,,Somwar Peth,suburb,18.522075,73.865239,19,Chhatrapati Shivaji Maharaj Stadium - Rasta peth,osm_overpass,node/1232209872
Sus,सुस,,,suburb,18.553667,73.752727,13,Baner - Sus - Mahalunge,osm_overpass,node/9207339800
Sus Gaon,सुस गाव,,Sus Gaon,suburb,18.554159,73.753904,13,Baner - Sus - Mahalunge,osm_overpass,node/1351334403
Swargate,स्वारगेट,स्वारगेट,,suburb,18.500677,73.858626,29,Ghorpade peth Udyan - Mahatma Phule Mandai,osm_overpass,node/245646553
Thergaon,थेरगाव,,Thergaon,suburb,18.609275,73.772937,,,osm_overpass,node/1223071281
Tingrenagar,टिंगरेनगर,,,suburb,18.576638,73.893658,2,Tingrenagar - Sanjay Park,osm_overpass,node/2298617426
Tukai Nagar,तुकाई नगर,,Tukai Nagar,suburb,18.473801,73.827703,51,Vadgaon Bk - Manikbaug,osm_overpass,node/5697466013
Vadgaon Budruk,वडगाव बुद्रुक,,Vadgaon Budruk,suburb,18.467497,73.825365,51,Vadgaon Bk - Manikbaug,osm_overpass,node/5697466015
Viman Nagar,विमान नगर,विमान नगर,Viman Nagar,suburb,18.570388,73.913334,3,Lohegaon - Vimannagar,osm_overpass,node/12866376980
Vishal Nagar,विशाल नगर,,,suburb,18.585322,73.782938,,,osm_overpass,node/4382388435
Vishrantwadi,विश्रांतवाडी,,Vishrantwadi,suburb,18.57263,73.87825,2,Tingrenagar - Sanjay Park,osm_overpass,node/5027441894
Wakad,वाकड,,Wakad,suburb,18.602249,73.764445,,,osm_overpass,node/1229121214
Wakad gaav,वाकड गाव,,Wakad gaav,suburb,18.589632,73.761002,,,osm_overpass,node/10861953492
Wanawadi,वानवडी,,Wanawadi,suburb,18.488368,73.898667,43,Wanawadi - Kausar Baug,osm_overpass,node/567266384
Warje,वारजे,,Warje,suburb,18.482044,73.80017,34,Warje - Kondhave Dhavde,osm_overpass,node/1224043292
Yerawada,येरवडा,येरवडा,Yerawada,suburb,18.558685,73.895495,7,Kalyaninagar - Nagpur Chawl,osm_overpass,node/12866376981
Anand housing colony,आनंद हौसिंग कॉलनी,,Anand housing colony,neighbourhood,18.610376,73.777169,,,osm_overpass,node/10880756623
Anand park,आनंद पार्क,,आनंद पार्क,neighbourhood,18.617052,73.769384,,,osm_overpass,node/10895534114
Anupam Park,अनुपम पार्क,,Anupam Park,neighbourhood,18.51627,73.780815,32,Bhusari colony - Bavdhan Khurd,osm_overpass,node/4548783711
Ashok society,अशोक सोसायटी,,Ashok society,neighbourhood,18.610566,73.777653,,,osm_overpass,node/10864228571
Balewadi High Street,बालेवाडी हाय स्ट्रीट,,Balewadi High Street,neighbourhood,18.570719,73.774308,12,Aundh - Balewadi,osm_overpass,node/12861335422
Baner Gaon,बाणेर गांव,बाणेर गांव,Baner Gaon,neighbourhood,18.559973,73.787518,13,Baner - Sus - Mahalunge,osm_overpass,node/11111717286
Blue Ridge Town,,,,neighbourhood,18.578246,73.737464,,,osm_overpass,node/11336819127
Chakankar Mala,चाकणकर मळा,चाकणकर मला,Chakankar Mala,neighbourhood,18.567609,73.782056,12,Aundh - Balewadi,osm_overpass,node/6616680878
Chidoba Nagar,चिडोबा नगर,,Chidoba Nagar,neighbourhood,18.584616,73.74496,,,osm_overpass,node/11966764811
Chintamani Cooperative Housing Society,चिंतामणी सहकारी हौसिंग सोसायटी,,Chintamani Cooperative Housing Society,neighbourhood,18.493142,73.819902,33,Ideal colony - Mahatma Society,osm_overpass,way/337513715
Dagadupatil nagar,दगडूपाटील नगर,,Dagadupatil nagar,neighbourhood,18.612681,73.777907,,,osm_overpass,node/11019075553
Dahanukar Colony,डहाणूकर कॉलनी,डहाणूकर कॉलनी,Dahanukar Colony,neighbourhood,18.495359,73.811635,33,Ideal colony - Mahatma Society,osm_overpass,node/10741411299
Dasar,दसर,दसर,Dasar,neighbourhood,18.573061,73.777909,12,Aundh - Balewadi,osm_overpass,node/6616133737
Dobarwadi,,,,neighbourhood,18.517595,73.903826,21,Koregaon park - Mundhwa,osm_overpass,way/126200898
Ex-Servicemen Colony,एक्स-सर्व्हीसमन कॉलनी,,,neighbourhood,18.511936,73.820305,30,Jai Bhavaninagar - Kelewadi,osm_overpass,node/10765374339
Gandhipeth,गांधी पेठ,,Gandhipeth,neighbourhood,18.627167,73.780509,,,osm_overpass,node/9956637306
Gulmohar colony,गुलमोहर कॉलनी,,Gulmohar colony,neighbourhood,18.587773,73.781371,,,osm_overpass,node/10037530884
Happy Colony,,,,neighbourhood,18.496328,73.81367,33,Ideal colony - Mahatma Society,osm_overpass,node/3739497462
Harinagar,हरिनगर,हरिनगर,Harinagar,neighbourhood,18.55135,73.908235,7,Kalyaninagar - Nagpur Chawl,osm_overpass,node/9342933672
Hinjawadi Phase 1,हिंजवडी फेज १,हिंजवडी फेज १,Hinjawadi Phase 1,neighbourhood,18.591684,73.734782,,,osm_overpass,node/673316094
Hirai Sitai Vasti,हिराई सिताई वस्ती,,Hirai Sitai Vasti,neighbourhood,18.587345,73.75323,,,osm_overpass,node/11120895046
Jagtap nagar,जगतापनगर,,जगतापनगर,neighbourhood,18.615186,73.781581,,,osm_overpass,node/11019058725
Jai Malhar Nagar,जय मल्हार नगर,,Jai Malhar Nagar,neighbourhood,18.607178,73.779088,,,osm_overpass,node/10833806712
Kalyani Nagar,कल्याणी नगर,,Kalyani Nagar,neighbourhood,18.548138,73.902551,7,Kalyaninagar - Nagpur Chawl,osm_overpass,node/2263008472
Kaspate Vasti,कस्पटे वस्ती,,Kaspate Vasti,neighbourhood,18.593021,73.77287,,,osm_overpass,node/8666003173
Kaverinagar,कावेरीनगर,,,neighbourhood,18.606495,73.772898,,,osm_overpass,node/10277050558
Maharashtra Co-operative Housing Society,,,,neighbourhood,18.560983,73.895094,7,Kalyaninagar - Nagpur Chawl,osm_overpass,way/1410592004
Mahesh Society,,,,neighbourhood,18.468908,73.864241,48,Upper Super Indiranagar,osm_overpass,node/10687445905
Manjari Budruk,मांजरी बुद्रुक,,Manjari Budruk,neighbourhood,18.518486,73.977411,22,Manjari Bk. - Shewalwadi,osm_overpass,node/8255415834
Marutrao Gaikwad nagar,मारुतराव गायकवाड नगर,,Marutrao Gaikwad nagar,neighbourhood,18.556859,73.809628,12,Aundh - Balewadi,osm_overpass,node/10872867730
Mavale vasti,मावळे वस्ती,,Mavale vasti,neighbourhood,18.490629,73.816205,36,Karvenagar,osm_overpass,node/7157164329
Mohan Nagar,मोहन नगर,,Mohan Nagar,neighbourhood,18.557918,73.765964,13,Baner - Sus - Mahalunge,osm_overpass,node/11111717259
Moraya Gosavi Raj Park,मोरया गोसावी राज पार्क,,Moraya Gosavi Raj Park,neighbourhood,18.621369,73.783486,,,osm_overpass,node/4346325844
Moraya Krupa Society,मोरयाकृपा सोसाइटी,,,neighbourhood,18.491625,73.825262,16,Fergusson College - Erandwane,osm_overpass,node/5807181008
Natraj Society,नटराज सोसाइटी,,,neighbourhood,18.491934,73.823576,33,Ideal colony - Mahatma Society,osm_overpass,node/5795521406
Navasahyadri Society,नवसह्याद्री सोसायटी,,,neighbourhood,18.4952,73.829897,16,Fergusson College - Erandwane,osm_overpass,way/211399593
Pallod Farms,पल्लोड फार्म्स,,Pallod Farms,neighbourhood,18.558611,73.79622,12,Aundh - Balewadi,osm_overpass,node/12806062630
Panchavati,,,,neighbourhood,18.47288,73.85495,50,Sahakarnagar - Taljai,osm_overpass,node/11428156478
Panchawati,पंचवटी,पंचवटी,,neighbourhood,18.530614,73.812351,15,Gokhalenagar - Vadarwadi,osm_overpass,node/10765399457
Parkhe Vasti,पारखे वस्ती,,Parkhe Vasti,neighbourhood,18.589917,73.752389,,,osm_overpass,node/11120895045
Pavaneshwar colony,पवनेश्वर कॉलनी,,पवनेश्वर कॉलनी,neighbourhood,18.61628,73.780658,,,osm_overpass,node/11019039923
Pawar Nagar,पवार नगर,,,neighbourhood,18.606851,73.774291,,,osm_overpass,node/10735037285
Prosperity Society,प्रोस्पेरिटी सोसाइटी,,,neighbourhood,18.490709,73.825519,16,Fergusson College - Erandwane,osm_overpass,node/5796441185
Radhakrushna colony,राधाकृष्ण कोलोनी,,राधाकृष्ण कोलोनी,neighbourhood,18.597884,73.764764,,,osm_overpass,node/10727010718
Rakshak Society,रक्षक सोसायटी,,,neighbourhood,18.581339,73.794444,,,osm_overpass,way/106893775
Ram Housing Society,,,,neighbourhood,18.556789,73.87837,8,Kalas - Phulenagar,osm_overpass,way/1235504713
Ram Indu Park,राम इंदु पार्क,राम इंदु पार्क,Ram Indu Park,neighbourhood,18.567825,73.777825,12,Aundh - Balewadi,osm_overpass,node/13920500427
Rambaug Colony,रामबाग कॉलनी,रामबाग कॉलोनी,,neighbourhood,18.511368,73.815532,30,Jai Bhavaninagar - Kelewadi,osm_overpass,node/10741354118
Ramnagar Colony,रामनगर कॉलनी,,Ramnagar Colony,neighbourhood,18.523688,73.781136,14,Pashan - Bawdhan,osm_overpass,node/4060993935
Ramwadi,,रामवाडी,Ramwadi,neighbourhood,18.558009,73.911164,6,Vadgaon Sheri - Ramwadi,osm_overpass,node/13755228776
Ratnadeep Colony,रत्नदीप कॉलनी,,रत्नदीप कॉलनी,neighbourhood,18.61308,73.764568,,,osm_overpass,node/9958533624
Rutuja Park,ऋतुजा पार्क,ऋतुजा पार्क,Rutuja Park,neighbourhood,18.562466,73.781235,13,Baner - Sus - Mahalunge,osm_overpass,node/13767096878
Sainath colony,साईनाथ कोलोनी,,Sainath colony,neighbourhood,18.598122,73.764708,,,osm_overpass,node/10727010715
Sakhare Vasti,साखरे वस्ती,,Sakhare Vasti,neighbourhood,18.587695,73.741355,,,osm_overpass,node/10272596801
Samarth Colony,समर्थ कॉलनी,समर्थ कॉलनी,Samarth Colony,neighbourhood,18.55605,73.775239,13,Baner - Sus - Mahalunge,osm_overpass,node/6616638138
Shahu Colony,,,,neighbourhood,18.486093,73.814728,36,Karvenagar,osm_overpass,way/1412200332
Shankar Kalat Nagar,शंकर कलाट नगर,,Shankar Kalat Nagar,neighbourhood,18.604093,73.754065,,,osm_overpass,node/6513236843
Shankar Maharaj Vasahat,शंकर महाराज वसाहत,,Shankar Maharaj Vasahat,neighbourhood,18.471115,73.855615,50,Sahakarnagar - Taljai,osm_overpass,node/1831917530
Shantiniketan Society,शांतिनिकेतन सोसायटी,,,neighbourhood,18.590185,73.784876,,,osm_overpass,node/10948985580
Sharda Colony,शारदा कॉलनी,शारदा कॉलनी,Sharda Colony,neighbourhood,18.573111,73.793807,,,osm_overpass,node/13969243003
Shelke Nagar,शेळके नगर,,Shelke Nagar,neighbourhood,18.460777,73.823687,51,Vadgaon Bk - Manikbaug,osm_overpass,node/6984039451
Shiv Nagar,शिव नगर,,,neighbourhood,18.60948,73.775853,,,osm_overpass,node/10749785459
Shivneri Park,शिवनेरी पार्क,,Shivneri Park,neighbourhood,18.569233,73.780136,12,Aundh - Balewadi,osm_overpass,node/12863148732
Shivtirth Nagar,शिवतीर्थ नगर,,,neighbourhood,18.60986,73.77659,,,osm_overpass,node/10749785457
Sindh Colony,सिंध कॉलोनी,,,neighbourhood,18.556176,73.81502,12,Aundh - Balewadi,osm_overpass,node/10316036406
Suyojan Society,सुयोजन सोसायटी,,Suyojan Society,neighbourhood,18.535615,73.896224,21,Koregaon park - Mundhwa,osm_overpass,node/3937334709
Thopte colony,थोपटे कॉलनी,,Thopte colony,neighbourhood,18.587555,73.781949,,,osm_overpass,node/10761261130
Vanadeva nagar,वनदेवनगर,,वनदेवनगर,neighbourhood,18.616025,73.770372,,,osm_overpass,node/10895486279
Vasant Vihar,वसंत विहार,वसंत विहार,Vasant Vihar,neighbourhood,18.559708,73.773795,13,Baner - Sus - Mahalunge,osm_overpass,way/247454180
Vasantdada Sugar Institute Colony,वसंतदादा साखर संस्था कॉलनी,,Vasantdada Sugar Institute Colony,neighbourhood,18.527179,73.972475,22,Manjari Bk. - Shewalwadi,osm_overpass,node/4717871956
Vinayak Nagar,विनायक नगर,,Vinayak Nagar,neighbourhood,18.584317,73.815494,,,osm_overpass,node/6514938731
Yewalewadi,येवलेवाडी,,Yewalewadi,neighbourhood,18.435828,73.896364,47,Kondhva Bk - Yewalewadi,osm_overpass,node/6926239057
Aditya Garden City,आदित्य गार्डन सिटी,,Aditya Garden City,locality,18.489525,73.789015,34,Warje - Kondhave Dhavde,osm_overpass,node/4127490279
Ashoknagar,अशोकनगर,,Ashoknagar,locality,18.532993,73.842767,10,Shivajinagar Gaothan - Sangamwadi,osm_overpass,node/245647690
Beverley Hills,बेव्हरली हिल्स,,Beverley Hills,locality,18.557193,73.77406,13,Baner - Sus - Mahalunge,osm_overpass,node/8255415836
Budhwar Peth,बुधवार पेठ,,,locality,18.51756,73.858037,18,Shaniwarwada - Kasba Peth,osm_overpass,node/678801313
Chilekar nagar,चिलेकर नगर,,,locality,18.596324,73.774444,,,osm_overpass,node/11192926673
Dange Chowk,डांगे चौक,,Dange Chowk,locality,18.615669,73.765352,,,osm_overpass,node/1242222538
Dasara Chowk,दसरा चौक,दसरा चौक,Dasara Chowk,locality,18.573745,73.776117,12,Aundh - Balewadi,osm_overpass,node/2271364684
Datta nagar Chowk,दत्त नगर चौक,,Datta nagar Chowk,locality,18.449762,73.849715,58,Katraj - Gokulnagar,osm_overpass,node/960205568
Defence Colony (DAD) - Wing A,डिफेन्स कॉलनी (डीएडी) - विंग ए,,Defence Colony (DAD) - Wing A,locality,18.483047,73.877415,40,Bibvewadi - Gangadham,osm_overpass,node/7167464258
Ganeshnagar,गणेशनगर,,Ganeshnagar,locality,18.504644,73.83553,16,Fergusson College - Erandwane,osm_overpass,node/245646314
Ganga Orchard,गंगा ऑर्चर्ड,,Ganga Orchard,locality,18.531616,73.913017,21,Koregaon park - Mundhwa,osm_overpass,node/7167464266
Gauliwada,गौलीवाडा,,Gauliwada,locality,18.4427,73.84821,58,Katraj - Gokulnagar,osm_overpass,node/1886884521
Grande View 7 Township,ग्रँड व्ह्यू 7 टाउनशिप,,Grande View 7 Township,locality,18.456315,73.833575,55,Dhankawadi - Ambegaon Pathar,osm_overpass,node/1313925539
Gultekdi,गुलटेकडी,,Gultekdi,locality,18.493894,73.867633,39,Market yard - Maharshinagar,osm_overpass,node/679053494
Hingne Khurd,हिंगणे खुर्द,,,locality,18.47967,73.825099,51,Vadgaon Bk - Manikbaug,osm_overpass,node/2096194163
Janwadi,,,,locality,18.52904,73.827199,15,Gokhalenagar - Vadarwadi,osm_overpass,node/2203119228
Jnaneshwar Paduka Chowk,ज्ञानेश्वर पादुका चौक,ज्ञानेश्वर पादुका चौक,Jnaneshwar Paduka Chowk,locality,18.526901,73.842256,10,Shivajinagar Gaothan - Sangamwadi,osm_overpass,node/11505392607
Kalewadi Phata,काळेवाडी फाटा,,Kalewadi Phata,locality,18.60396,73.777045,,,osm_overpass,node/1242214624
Keshav Housing Society,,,,locality,18.464614,73.849417,56,Chaitanyanagar - Bharati Vidyapeeth,osm_overpass,node/9123598679
Khadki,खडकी,,Khadki,locality,18.562974,73.839151,11,Bopodi - Savitribai Phule Pune University,osm_overpass,node/245648621
Koregaon Park,कोरेगाव,,,locality,18.537717,73.892991,21,Koregaon park - Mundhwa,osm_overpass,node/9121850286
Kothrud,,,,locality,18.50722,73.805814,31,Kothrud Gaothan - Shivtirthnagar,osm_overpass,relation/19586503
Lokmanya Nagar,लोकमान्य नगर,,Lokmanya Nagar,locality,18.50523,73.846194,17,Shaniwar peth - Navi Peth,osm_overpass,node/245646606
Mahindra Antheia,,,,locality,18.63003,73.808985,,,osm_overpass,node/9121982222
Municipal Colony,नगरपालिका वसाहत,,Municipal Colony,locality,18.508672,73.85487,29,Ghorpade peth Udyan - Mahatma Phule Mandai,osm_overpass,node/245646513
Nal Stop,नळ स्टॉप,,Nal Stop,locality,18.508664,73.831002,16,Fergusson College - Erandwane,osm_overpass,node/762014567
Parihar Chowk,परिहार चौक,परिहार चौक,Parihar Chowk,locality,18.560583,73.809218,12,Aundh - Balewadi,osm_overpass,node/2668919264
Park Street,पार्क स्ट्रीट,,Park Street,locality,18.598478,73.780968,,,osm_overpass,node/2164930422
Paud Phata,पौड फाटा,,Paud Phata,locality,18.506157,73.825624,30,Jai Bhavaninagar - Kelewadi,osm_overpass,node/762014603
Phulenagar,फुलेनगर,,Phulenagar,locality,18.558533,73.877505,8,Kalas - Phulenagar,osm_overpass,node/511977254
Pune University Chowk,पुणे विद्यापीठ चौक,पुणे विद्यापीठ चौक,Pune University Chowk,locality,18.542227,73.828644,12,Aundh - Balewadi,osm_overpass,node/6046074154
Pune University Teachers Quarters,पुणे विद्यापीठाचे शिक्षक क्वार्टर,,Pune University Teachers Quarters,locality,18.55251,73.821663,11,Bopodi - Savitribai Phule Pune University,osm_overpass,node/343302811
Sai Shradha Bungalow Society,श्री श्रद्धा बंगलो सोसायटी,,,locality,18.446637,73.900103,47,Kondhva Bk - Yewalewadi,osm_overpass,node/8711632384
Samrat Colony,सम्राट कॉलनी,,,locality,18.604377,73.76577,,,osm_overpass,node/11099516340
Sangamwadi,संगमवाडी,,,locality,18.540957,73.864217,10,Shivajinagar Gaothan - Sangamwadi,osm_overpass,node/518295340
Sarbatwala Chowk,सरबतवाला चौक,,Sarbatwala Chowk,locality,18.514721,73.876925,,,osm_overpass,node/247669703
Sharad Nagar,शरद नगर,,Sharad Nagar,locality,18.536712,73.946181,22,Manjari Bk. - Shewalwadi,osm_overpass,node/1225165226
Shree Lakshmi Classic Housing Society,श्री लक्ष्मी क्लासिक हाऊसिंग सोसायटी,,Shree Lakshmi Classic Housing Society,locality,18.505877,73.929765,24,Magarpatta - Sadhana Vidyalaya,osm_overpass,node/7067524228
Swami Vivekanand Chowk,स्वामी विवेकानंद चौक,स्वामी विवेकानंद चौक,,locality,18.522674,73.840917,16,Fergusson College - Erandwane,osm_overpass,node/1838679859
Symphony IT Park,,,,locality,18.459091,73.797891,52,Nanded City - Sun City,osm_overpass,node/8711632383
Treedom Park,,,Treedom Park,locality,18.585783,73.875956,1,Dhanori - Vishrantwadi,osm_overpass,node/7159295940
Vaiawadi,,,Vaiawadi,locality,18.532871,73.827512,15,Gokhalenagar - Vadarwadi,osm_overpass,node/2203119230
Venunagar,वेणुनगर,,,locality,18.604244,73.769204,,,osm_overpass,node/10650939338
Vetalbaba Chowk,वेताळबाबा चौक,वेतालबाबा चौक,Vetalbaba Chowk,locality,18.529016,73.82991,15,Gokhalenagar - Vadarwadi,osm_overpass,node/11401877812
Vitthalwadi,विट्ठलवाडी,,,locality,18.482153,73.826151,52,Nanded City - Sun City,osm_overpass,node/2096194167
Askarwadi,,,,village,18.400872,73.898871,,,osm_overpass,node/10720795094
Bhugaon,भूगाव,,Bhugaon,village,18.500008,73.750112,,,osm_overpass,node/6505735228
Bhukum,भुकुम,,Bhukum,village,18.49454,73.721401,,,osm_overpass,node/6505735230
Fursungi,,,,village,18.472627,73.979108,46,Mohammad wadi - Uruli Devachi,osm_overpass,node/10310549704
Gorhe,गोऱ्हे,,,village,18.42095,73.755792,,,osm_overpass,node/2550515283
Holkarwadi,होळकरवाडी,,Holkarwadi,village,18.438943,73.939971,46,Mohammad wadi - Uruli Devachi,osm_overpass,node/6934806235
Jaambe,जांबे,,,village,18.641853,73.723154,,,osm_overpass,node/10855739083
Jadhavwadi,जाधववाडी,,,village,18.410176,74.003834,,,osm_overpass,node/6934787394
Jhenderwadi,,,,village,18.415314,74.014118,,,osm_overpass,node/6898577016
Khadakwasla,खडकवासला,,,village,18.439243,73.775766,53,Khadakwasla - Narhe,osm_overpass,node/3385571866
Khanapur,खानापूर,,Khanapur,village,18.400661,73.731831,,,osm_overpass,node/4676242400
Kolewadi,,,,village,18.406445,73.831987,54,Dhayari - Ambegaon,osm_overpass,node/10720795089
Kondhwa Budruk,कोंढवा बुद्रुक,,Kondhwa Budruk,village,18.457618,73.886582,47,Kondhva Bk - Yewalewadi,osm_overpass,node/1224903392
Lavale,लावले,,Lavale,village,18.523023,73.722401,,,osm_overpass,node/1065064446
Manjari,मांजरी,,Manjari,village,18.523623,73.987169,22,Manjari Bk. - Shewalwadi,osm_overpass,node/8255415833
Manjari Khurd,मांजरी खुर्द,,Manjari Khurd,village,18.525802,73.992037,,,osm_overpass,node/4717857720
Manter Wadi,मन्टर वाडी,,Manter Wadi,village,18.46565,73.961874,45,Fursungi,osm_overpass,node/6919758043
Mhalunge,म्हाळुंगे,,Mhalunge,village,18.573318,73.755814,13,Baner - Sus - Mahalunge,osm_overpass,node/1229112594
Punawale,पुनावळे,,Punawale,village,18.63829,73.746195,,,osm_overpass,node/691256347
Ravet,रावेत,,,village,18.643269,73.745056,,,osm_overpass,node/3147833520
Tathawade,ताथवडे,,,village,18.6154,73.750191,,,osm_overpass,node/10855739084
Wadki,वडकी,,Wadki,village,18.430019,73.980751,,,osm_overpass,node/6919758042
Ambedkar Chowk,अंबेडकर चौक,अंबेडकर चौक,Ambedkar Chowk,junction,18.56025,73.803108,13,Baner - Sus - Mahalunge,osm_overpass,node/11109307611
Annasaheb chowk,अण्णासाहेब चौक,,अण्णासाहेब चौक,junction,18.607807,73.765094,,,osm_overpass,node/8299726166
Baner Phata,बाणेर फाटा,बाणेर फ़ाटा,Baner Phata,junction,18.550046,73.809502,12,Aundh - Balewadi,osm_overpass,node/871528360
Barangani Mala - DSK Vishwa,,,,junction,18.447045,73.804027,54,Dhayari - Ambegaon,osm_overpass,node/2694654476
Bhalerao Corner,भालेराव कॉर्नर,,Bhalerao Corner,junction,18.602811,73.796059,,,osm_overpass,node/8023802260
Chhatrapati Chowk,छत्रपती चौक,,छत्रपती चौक,junction,18.596187,73.773905,,,osm_overpass,node/12054223836
Chintamani Chowk,,,,junction,18.637321,73.767854,,,osm_overpass,node/13644823986
Dhayari Phata,,,,junction,18.460862,73.812755,53,Khadakwasla - Narhe,osm_overpass,node/245645460
Dr. Kinikar Chowk,डॉ. किणीकर चौक,,,junction,18.527577,73.849372,10,Shivajinagar Gaothan - Sangamwadi,osm_overpass,node/2252429604
Dutta Mandir Chowk,,,,junction,18.510464,73.765598,14,Pashan - Bawdhan,osm_overpass,node/5174049592
Ganpati chowk,गणपती चौक,,गणपती चौक,junction,18.587757,73.783647,,,osm_overpass,node/1157298351
Hind Chowk,हिंद चौक,,हिंद चौक,junction,18.5858,73.783096,,,osm_overpass,node/2567880050
Ingawale chowk,इंगवले चौक,इंगवले चौक,Ingawale chowk,junction,18.571684,73.790572,,,osm_overpass,node/3656492758
Jagtap Dairy Chowk,जगताप डेअरी चौक,,,junction,18.592693,73.785085,,,osm_overpass,node/1430544721
Jai Bhawani Chowk,जय भवानी चौक,,,junction,18.593026,73.765486,,,osm_overpass,node/4458797506
Janoba chowk,जानोबा चौक,,Janoba Chowk,junction,18.598741,73.763638,,,osm_overpass,node/8009618916
Kaspate chowk,कस्पटे चौक,,Kaspate chowk,junction,18.589019,73.777033,,,osm_overpass,node/10280576503
Lupin Junction,,,Lupin Junction,junction,18.556065,73.73701,,,osm_overpass,node/3987065553
Mamta Chowk,ममता चौक,ममता चौक,Mamta Chowk,junction,18.573692,73.77474,12,Aundh - Balewadi,osm_overpass,node/2807777089
Mauli chowk,माऊली चौक,,Mauli chowk,junction,18.597885,73.763687,,,osm_overpass,node/10270035348
Moti Chowk,मोती चौक,,,junction,18.516927,73.859382,18,Shaniwarwada - Kasba Peth,osm_overpass,node/2266620569
Nanded phata,,,,junction,18.454661,73.796482,53,Khadakwasla - Narhe,osm_overpass,node/2282977929
Narpatgiri Chowk,नरपतगिरी चौक,नरपतगिरी चौक,Narpatgiri Chowk,junction,18.522672,73.867474,19,Chhatrapati Shivaji Maharaj Stadium - Rasta peth,osm_overpass,node/247739906
Pandit Gagabhatta Chowk,पंडित गागाभट्ट चौक,,,junction,18.518777,73.85849,18,Shaniwarwada - Kasba Peth,osm_overpass,node/672160799
Phadke Haud Chowk,,,,junction,18.518651,73.859725,18,Shaniwarwada - Kasba Peth,osm_overpass,node/4632305892
Raobahadur Dattatray Govind Shaligram Chowk,रावबहादूर दत्तात्रय गोविंद शाळीग्राम चौक,,,junction,18.527343,73.849061,10,Shivajinagar Gaothan - Sangamwadi,osm_overpass,node/2252429595
Sai Chowk,साई चौक,,Sai Chowk,junction,18.598548,73.769695,,,osm_overpass,node/10650812100
Sambhaaji chowk,संभाजी चौक,,संभाजी चौक,junction,18.649129,73.770657,,,osm_overpass,node/11145411354
Samrat Chowk,सम्राट चौक,,Samrat Chowk,junction,18.60454,73.76479,,,osm_overpass,node/1831392293
Sanvidhan Chowk,संविधान चौक,,संविधान चौक,junction,18.557582,73.846395,,,osm_overpass,node/7991393667
Shirish Tendulkar Chowk,शिरीष तेंडुलकर चौक,,,junction,18.514634,73.846411,17,Shaniwar peth - Navi Peth,osm_overpass,node/2266580466
Shivachatrapati Chauk,शिवछत्रपती चौक,,,junction,18.61286,73.77759,,,osm_overpass,node/4694076278
Shree Controls Chowk,,,,junction,18.444714,73.821651,54,Dhayari - Ambegaon,osm_overpass,node/1694928457
Sonya Maruti Chowk,सोन्या मारुती चौक,,,junction,18.515996,73.85936,18,Shaniwarwada - Kasba Peth,osm_overpass,node/672161870
Subhedar Ramji Maloji Ambedkar Chowk,सुभेदार रामजी मालोजी आंबेडकर चौक,,Subhedar Ramji Maloji Ambedkar Chowk,junction,18.555235,73.906222,6,Vadgaon Sheri - Ramwadi,osm_overpass,node/7700588086
Sutar Junction,,,,junction,18.539433,73.781334,14,Pashan - Bawdhan,osm_overpass,node/1011185905
Tamhane Chowk,ताम्हाणे चौक,ताम्हाणे चौक,Tamhane Chowk,junction,18.561585,73.792075,12,Aundh - Balewadi,osm_overpass,node/4867425502
Tapkir Chowk,तापकीर चौक,,Tapkir Chowk,junction,18.612274,73.784316,,,osm_overpass,node/2598224453
Utkarsh chowk,उत्कर्ष चौक,,Utkarsh chowk,junction,18.594821,73.763502,,,osm_overpass,node/2598224289
Vajradehi Chowk,वज्रदेही चौक,,,junction,18.518782,73.859974,18,Shaniwarwada - Kasba Peth,osm_overpass,node/2266620627
Vetal Buva Chowk,,,,junction,18.447785,73.829388,54,Dhayari - Ambegaon,osm_overpass,node/1694921171
Wakad Phata,वाकड फाटा,,वाकड फाटा,junction,18.586729,73.790502,,,osm_overpass,node/282771756
16,संत ज्ञानेश्वर मार्ग,,,road,18.579234,73.876098,,,osm_overpass,1 OSM segments; point is median of segment centres
2nd Service Road,,,,road,18.485436,73.797832,,,osm_overpass,3 OSM segments; point is median of segment centres
54/11,,,,road,18.510177,73.900137,,,osm_overpass,1 OSM segments; point is median of segment centres
7th Heaven Road,,,,road,18.603828,73.90474,,,osm_overpass,1 OSM segments; point is median of segment centres
8th Lane,,,,road,18.511852,73.837146,,,osm_overpass,3 OSM segments; point is median of segment centres
Abhimanshree Society Road,अभिमानश्री सोसायटी मार्ग,,,road,18.543571,73.817467,,,osm_overpass,3 OSM segments; point is median of segment centres
Aditya Birla Hospital Marg,आदित्य बिर्ला हॉस्पिटल मार्ग,,,road,18.620996,73.771362,,,osm_overpass,5 OSM segments; point is median of segment centres
Aga Khan Bridge,आगा खान पूल,,,road,18.541123,73.904316,,,osm_overpass,2 OSM segments; point is median of segment centres
Agarwal Marg,आगरवाल मार्ग,,,road,18.522246,73.861352,,,osm_overpass,4 OSM segments; point is median of segment centres
AIMS Road,,,,road,18.560938,73.809349,,,osm_overpass,2 OSM segments; point is median of segment centres
Airport New Road,,,,road,18.568395,73.906813,,,osm_overpass,9 OSM segments; point is median of segment centres
Airport New Road Underpass,,,,road,18.555588,73.906363,,,osm_overpass,8 OSM segments; point is median of segment centres
Airport Road,विमानतळ मार्ग,,,road,18.578216,73.90706,,,osm_overpass,2 OSM segments; point is median of segment centres
Ajmera Main Raod,,,,road,18.63384,73.803747,,,osm_overpass,3 OSM segments; point is median of segment centres
Akrudi Main Road,,,,road,18.649447,73.776627,,,osm_overpass,3 OSM segments; point is median of segment centres
Akurdi Chikhali Marg,आकुर्डी चिखली मार्ग,,Akurdi Chikhali Marg,road,18.648804,73.77057,,,osm_overpass,4 OSM segments; point is median of segment centres
Akurdi Chikhali Road,,,,road,18.637981,73.768074,,,osm_overpass,8 OSM segments; point is median of segment centres
Akurdi Railway Station Road,,,,road,18.649948,73.768968,,,osm_overpass,2 OSM segments; point is median of segment centres
Alandi Road,आळंदी रस्ता,,,road,18.633792,73.874839,,,osm_overpass,9 OSM segments; point is median of segment centres
Alankapuram Road,,,,road,18.648412,73.853507,,,osm_overpass,2 OSM segments; point is median of segment centres
Amanora Park Town Main Road,,,,road,18.52131,73.938005,,,osm_overpass,19 OSM segments; point is median of segment centres
Ambegaon Viaduct,आंबेगाव दरीपूल,,,road,18.432004,73.839297,,,osm_overpass,2 OSM segments; point is median of segment centres
Amrutlal Mehta Path,अमृतलाल मेहता पथ,,,road,18.539762,73.883609,,,osm_overpass,2 OSM segments; point is median of segment centres
Amrutrao Khilare Path,अमृतराव खिलारे पथ,,,road,18.507491,73.831936,,,osm_overpass,9 OSM segments; point is median of segment centres
Anand Vidya Niketan High School Road,,,,road,18.56797,73.913526,,,osm_overpass,6 OSM segments; point is median of segment centres
Anandrao Lande Road,,,,road,18.633335,73.838964,,,osm_overpass,4 OSM segments; point is median of segment centres
Anandrao Thorat Path,आनंदराव थोरात पथ,,,road,18.489402,73.821136,,,osm_overpass,2 OSM segments; point is median of segment centres
Anant Kanhere Path,अनंत कान्हेरे पथ,,,road,18.504664,73.838589,,,osm_overpass,17 OSM segments; point is median of segment centres
Appa Balwant Chowk,अप्पा बळवंत चौक,,,road,18.516457,73.853857,,,osm_overpass,1 OSM segments; point is median of segment centres
Appasaheb Bhagwat Path,अप्पासाहेब भागवत पथ,,,road,18.516084,73.850044,,,osm_overpass,1 OSM segments; point is median of segment centres
Appasaheb Kulkarni Path,,,,road,18.498388,73.826932,,,osm_overpass,8 OSM segments; point is median of segment centres
Apte Path,आपटे पथ,,,road,18.520305,73.84351,,,osm_overpass,1 OSM segments; point is median of segment centres
Aranyeshwar Road,,,,road,18.485913,73.853151,,,osm_overpass,4 OSM segments; point is median of segment centres
Arjun Mansukhani Path,अर्जुन मनसुखानी पथ,,,road,18.532975,73.885691,,,osm_overpass,8 OSM segments; point is median of segment centres
Arjunrao Pawar Path,अर्जुनराव पवार पथ,,,road,18.528236,73.862524,,,osm_overpass,1 OSM segments; point is median of segment centres
Armament Circle,,,,road,18.537781,73.796344,,,osm_overpass,1 OSM segments; point is median of segment centres
Ashok Nagar Road,,,Ashok Nagar Road,road,18.624974,73.750319,,,osm_overpass,1 OSM segments; point is median of segment centres
Atal Bihari Vajpayee saheb Flyover,जगन्नाथ शंकरशेठ मार्ग,,,road,18.501259,73.869704,,,osm_overpass,2 OSM segments; point is median of segment centres
Aundh - Ravet BRTS Road,,,,road,18.602669,73.777513,,,osm_overpass,2 OSM segments; point is median of segment centres
Aundh Ravet Road,औंध रावेत मार्ग,औंध रावेत मार्ग,Aundh Ravet Road,road,18.594058,73.784314,,,osm_overpass,30 OSM segments; point is median of segment centres
Aundh Ravet Road Flyover,औंध रावेत रोड उड्डाणपूल,,,road,18.598294,73.781324,,,osm_overpass,6 OSM segments; point is median of segment centres
Aundh-Baner Link Road,,,,road,18.563107,73.795935,,,osm_overpass,9 OSM segments; point is median of segment centres
Aundh-Ravet Road,,,,road,18.643365,73.749903,,,osm_overpass,7 OSM segments; point is median of segment centres
Aundhgaon - Aundh Dmart Road,,,,road,18.565244,73.807488,,,osm_overpass,1 OSM segments; point is median of segment centres
Auto Cluster Back Side Road,,,,road,18.642715,73.805027,,,osm_overpass,3 OSM segments; point is median of segment centres
B G Lonkar Road,,,,road,18.480066,73.896247,,,osm_overpass,6 OSM segments; point is median of segment centres
B. D. Kher Chowk,भा. दे. खेर चौक,,,road,18.478437,73.824028,,,osm_overpass,1 OSM segments; point is median of segment centres
Baba Bhide Bridge,बाबा भिडे पूल,,,road,18.515448,73.844451,,,osm_overpass,1 OSM segments; point is median of segment centres
Baba Maharaj Sahasrabuddhe Path,बाबा महाराज सहस्रबुद्धे पथ,,,road,18.528429,73.838953,,,osm_overpass,2 OSM segments; point is median of segment centres
Babasaheb Ambedkar Bridge,बाबासाहेब आंबेडकर पूल,,Babasaheb Ambedkar Bridge,road,18.564743,73.78843,,,osm_overpass,3 OSM segments; point is median of segment centres
Babasaheb Ambedkar Marg,बाबासाहेब आंबेडकर मार्ग,बाबासाहेब आंबेडकर मार्ग,,road,18.525583,73.867457,,,osm_overpass,12 OSM segments; point is median of segment centres
Babasaheb Ambedkar Path,बाबासाहेब आंबेडकर पथ,,,road,18.61487,73.773831,,,osm_overpass,9 OSM segments; point is median of segment centres
Baburao Phule Path,बाबुराव फुले पथ,,,road,18.510226,73.846047,,,osm_overpass,3 OSM segments; point is median of segment centres
Baburao Shankarrao Tupe Road | DP Road,,,,road,18.502138,73.941059,,,osm_overpass,5 OSM segments; point is median of segment centres
Bajirao Road,बाजीराव रस्ता,,,road,18.512289,73.853817,,,osm_overpass,15 OSM segments; point is median of segment centres
Bakori Road,,,,road,18.592965,74.013147,,,osm_overpass,1 OSM segments; point is median of segment centres
Balaji Mandir Lane,बालाजी मंदीर रस्ता,,,road,18.539857,73.788987,,,osm_overpass,3 OSM segments; point is median of segment centres
Balaji Vishwanath Path,बाळाजी विश्वनाथ पथ,,,road,18.501368,73.854361,,,osm_overpass,15 OSM segments; point is median of segment centres
Balbhim Mokate Path,बलभीम मोकाटे पथ,,,road,18.50207,73.812384,,,osm_overpass,9 OSM segments; point is median of segment centres
Balewadi Gaon Road,बालेवाडी गाव मार्ग,,Balewadi Gaon Road,road,18.571504,73.781094,,,osm_overpass,8 OSM segments; point is median of segment centres
Balewadi Road,बालेवाडी मार्ग,,,road,18.574166,73.772089,,,osm_overpass,12 OSM segments; point is median of segment centres
Balshastri Jambhekar Marg,बाळशास्त्री जांभेकर मार्ग,,,road,18.524852,73.828932,,,osm_overpass,2 OSM segments; point is median of segment centres
Bana Marg (Mayo Road),,,,road,18.520979,73.883846,,,osm_overpass,2 OSM segments; point is median of segment centres
Banacha Odha-Dighi Road,,,,road,18.620339,73.870434,,,osm_overpass,1 OSM segments; point is median of segment centres
Baner - Balewadi Road,बाणेर - बालेवाडी मार्ग,,Baner - Balewadi Road,road,18.561329,73.77664,,,osm_overpass,7 OSM segments; point is median of segment centres
Baner Exit Ramp,,,,road,18.569206,73.765644,,,osm_overpass,6 OSM segments; point is median of segment centres
Baner Road,,,,road,18.542122,73.828238,,,osm_overpass,1 OSM segments; point is median of segment centres
Baner Street,,,,road,18.551236,73.770239,,,osm_overpass,2 OSM segments; point is median of segment centres
Baner-Pashan Link Road,,,,road,18.551925,73.793297,,,osm_overpass,8 OSM segments; point is median of segment centres
Bankimchandra Chatopadhyay Path,बंकिमचंद्र चटोपाध्याय पथ,,,road,18.529272,73.852364,,,osm_overpass,4 OSM segments; point is median of segment centres
Bankimchandra Chatopadhyay Path Underpass,बंकिमचंद्र चटोपाध्याय पथ अंडरपास,,,road,18.529304,73.85295,,,osm_overpass,5 OSM segments; point is median of segment centres
Bapusaheb Tupe Road,,,,road,18.510456,73.943765,,,osm_overpass,1 OSM segments; point is median of segment centres
Bapusaheb Tupe Road - Wadekar Wasti Road,,,,road,18.52195,73.949086,,,osm_overpass,4 OSM segments; point is median of segment centres
Barrister Nath Pai Chowk,बॅरिस्टर नाथ पै चौक,,,road,18.503095,73.845348,,,osm_overpass,2 OSM segments; point is median of segment centres
Bavdhan Gaon Rd,,,,road,18.517369,73.774935,,,osm_overpass,5 OSM segments; point is median of segment centres
Bawadi Rd,,,,road,18.587909,73.980506,,,osm_overpass,1 OSM segments; point is median of segment centres
Belbag Chowk,बेलबाग चौक,,,road,18.515669,73.856287,,,osm_overpass,1 OSM segments; point is median of segment centres
Benkar Vasati Road,,,,road,18.445232,73.815573,,,osm_overpass,2 OSM segments; point is median of segment centres
BG Shirke Road,,,,road,18.521794,73.916667,,,osm_overpass,6 OSM segments; point is median of segment centres
Bhagwan Tatyasaheb Kawade Marg,भगवान तात्यासाहेब कवडे मार्ग,,,road,18.516683,73.9068,,,osm_overpass,16 OSM segments; point is median of segment centres
Bhairoba Nala Road,,,,road,18.488117,73.895363,,,osm_overpass,2 OSM segments; point is median of segment centres
Bhandarkar Path,भांडारकर पथ,,,road,18.518352,73.834803,,,osm_overpass,8 OSM segments; point is median of segment centres
Bharat Mata Road,,,,road,18.599715,73.907725,,,osm_overpass,5 OSM segments; point is median of segment centres
Bharat Ratna Doctor Babasaheb Ambedkar Flyover,,,,road,18.494758,73.86941,,,osm_overpass,5 OSM segments; point is median of segment centres
Bharathi Vidyapeeth Road,,,,road,18.450723,73.853666,,,osm_overpass,2 OSM segments; point is median of segment centres
Bharatiya Vidyabhavan Marg,भारतीय विद्याभवन मार्ग,,,road,18.532218,73.832311,,,osm_overpass,1 OSM segments; point is median of segment centres
Bharatratna Atal Bihari Vajpayee Flyover,भारतरत्न अटल बिहारी वाजपेयी उड्डाणपूल,,,road,18.530817,73.843507,,,osm_overpass,13 OSM segments; point is median of segment centres
Bharatratna J.R.D Tata Flyover,भारतरत्न जेआरडी टाटा उड्डाणपूल,,,road,18.606892,73.82237,,,osm_overpass,15 OSM segments; point is median of segment centres
Bhau Patil Path,भाऊ पाटील पथ,,,road,18.568147,73.833157,,,osm_overpass,3 OSM segments; point is median of segment centres
Bhelke Chowk,,,,road,18.502037,73.810333,,,osm_overpass,1 OSM segments; point is median of segment centres
Bhosari - Alandi Road,भोसरी - आळंदी रस्ता,,,road,18.632036,73.872865,,,osm_overpass,8 OSM segments; point is median of segment centres
Bhosari Flyover,,,,road,18.622428,73.850427,,,osm_overpass,2 OSM segments; point is median of segment centres
Bhosari Telco Road,,,,road,18.617323,73.843815,,,osm_overpass,2 OSM segments; point is median of segment centres
Bhosari-Dighi Road,,,,road,18.618765,73.862385,,,osm_overpass,7 OSM segments; point is median of segment centres
Bhosari-MIDC Road,,,,road,18.620395,73.833491,,,osm_overpass,8 OSM segments; point is median of segment centres
Bhosari-YCM Hospital Road,,,,road,18.621014,73.827896,,,osm_overpass,4 OSM segments; point is median of segment centres
Bhujangrao Daulatrao Jadhav Path,भुजंगराव दौलतराव जाधव पथ,,,road,18.516373,73.858017,,,osm_overpass,1 OSM segments; point is median of segment centres
Bhumkar Chowk Road,,,Bhumkar Chowk Road,road,18.612278,73.751947,,,osm_overpass,12 OSM segments; point is median of segment centres
Bhumkar Das Gurge Road,,,Bhumkar Das Gurge Road,road,18.597105,73.731185,,,osm_overpass,2 OSM segments; point is median of segment centres
Bhutkar Houd Marg,भूतकर हौद मार्ग,,,road,18.514308,73.858257,,,osm_overpass,1 OSM segments; point is median of segment centres
Bijali Nagar - Pradhikaran Bridge,,,,road,18.645072,73.7698,,,osm_overpass,2 OSM segments; point is median of segment centres
Blue Berry Road,,,,road,18.563874,73.95152,,,osm_overpass,1 OSM segments; point is median of segment centres
Blue Ridge Approach Road,ब्लू रिज मार्ग,,,road,18.576795,73.739895,,,osm_overpass,22 OSM segments; point is median of segment centres
Blue Ridge Chowk,,,,road,18.578441,73.737164,,,osm_overpass,1 OSM segments; point is median of segment centres
Blue Ridge Road,ब्लू रिज मार्ग,,,road,18.57987,73.73646,,,osm_overpass,3 OSM segments; point is median of segment centres
"Blue Ridge Road, Phase 1",,,,road,18.584118,73.735513,,,osm_overpass,5 OSM segments; point is median of segment centres
Bohri Ali,बोहरी आळी,,,road,18.514457,73.85949,,,osm_overpass,1 OSM segments; point is median of segment centres
Bopdeo Ghat,बोपदेव घाट,,,road,18.410996,73.905028,,,osm_overpass,3 OSM segments; point is median of segment centres
Bopodi-Dapodi Road,,,,road,18.573685,73.833058,,,osm_overpass,3 OSM segments; point is median of segment centres
Breman Chowk - Khadki Bazar Road,,,,road,18.560363,73.845634,,,osm_overpass,21 OSM segments; point is median of segment centres
Brijlal Kunkulol Path,ब्रिजलाल कुंकूलोळ पथ,,,road,18.507376,73.812409,,,osm_overpass,1 OSM segments; point is median of segment centres
Bund Garden Bridge,,,,road,18.544655,73.884702,,,osm_overpass,3 OSM segments; point is median of segment centres
Bund Garden Road,बंड गार्डन रस्ता,,,road,18.533579,73.879233,,,osm_overpass,30 OSM segments; point is median of segment centres
Burning Ghat Road,,,,road,18.541922,73.889227,,,osm_overpass,1 OSM segments; point is median of segment centres
Bypass,,,,road,18.491999,73.789429,,,osm_overpass,2 OSM segments; point is median of segment centres
C. V. Joshi Marg,चिं. वि. जोशी मार्ग,,,road,18.508251,73.85097,,,osm_overpass,4 OSM segments; point is median of segment centres
Canal Road,,,,road,18.487626,73.813888,,,osm_overpass,10 OSM segments; point is median of segment centres
Castellino Marg,कास्टेलिनो मार्ग,,,road,18.504181,73.878714,,,osm_overpass,7 OSM segments; point is median of segment centres
Central Avenue,सेन्ट्रल अव्हेन्यू,,,road,18.546104,73.904768,,,osm_overpass,8 OSM segments; point is median of segment centres
Chandrabhaga Nagar Rd,,,,road,18.454563,73.850856,,,osm_overpass,1 OSM segments; point is median of segment centres
Chandrashekhar Agashe Road,चंद्रशेखर आगाशे रस्ता,,,road,18.521018,73.853236,,,osm_overpass,3 OSM segments; point is median of segment centres
Chandusheth Kalbhor Marg,चंदूशेठ काळभोर मार्ग,,,road,18.51152,73.845463,,,osm_overpass,1 OSM segments; point is median of segment centres
Chapekar Chowk Flyover,चापेकर चौक उड्डाणपूल,,,road,18.630199,73.7794,,,osm_overpass,5 OSM segments; point is median of segment centres
Chaphekar Chowk,चाफेकर चौक,,Chaphekar Chowk,road,18.629608,73.781461,,,osm_overpass,1 OSM segments; point is median of segment centres
Chatrapati Rajarshi Shahu Maharaj Flyover,छत्रपती राजर्षी शाहू महाराज उड्डाणपूल,,,road,18.647852,73.807903,,,osm_overpass,6 OSM segments; point is median of segment centres
Chatrapati Shivaji Maharaj Chowk Underpass,छत्रपती शिवाजी महाराज चौक अंडरपास,,,road,18.640774,73.793368,,,osm_overpass,8 OSM segments; point is median of segment centres
Chaturshringi Road,,,,road,18.526811,73.842529,,,osm_overpass,8 OSM segments; point is median of segment centres
Chaudhary Park Road,,,,road,18.605926,73.7598,,,osm_overpass,7 OSM segments; point is median of segment centres
Chavan Bridge,यशवंतराव चव्हाण पूल,,,road,18.511645,73.841694,,,osm_overpass,4 OSM segments; point is median of segment centres
Chavhan Bagh Road,,,,road,18.450186,73.799513,,,osm_overpass,1 OSM segments; point is median of segment centres
Chhatrapati Rajaram Maharaj Bridge,छत्रपती राजाराम महाराज पूल,,,road,18.488485,73.827664,,,osm_overpass,2 OSM segments; point is median of segment centres
Chhatrapati Rajaram Maharaj Path,छत्रपती राजाराम महाराज पथ,,,road,18.50444,73.817948,,,osm_overpass,1 OSM segments; point is median of segment centres
Chhatrapati Sambhaji Path,छत्रपती संभाजी पथ,,,road,18.648943,73.775072,,,osm_overpass,7 OSM segments; point is median of segment centres
Chhatrapati Shahu Setu,छत्रपती शाहू सेतू,,,road,18.524608,73.857384,,,osm_overpass,2 OSM segments; point is median of segment centres
Chhatrapati Shahu Setu Bridge,छत्रपती शाहू सेतु पूल,,,road,18.524598,73.857388,,,osm_overpass,1 OSM segments; point is median of segment centres
Chhatrapati Shivaji Maharaj Flyover,छत्रपती शिवाजी महाराज उड्डाणपूल,,,road,18.485796,73.888923,,,osm_overpass,6 OSM segments; point is median of segment centres
Chikhali - Kaspate Vasti BRTS Road | Telco Road | Chinchwad Station Road,,,,road,18.646808,73.804543,,,osm_overpass,3 OSM segments; point is median of segment centres
Chimaji Appa Peshwe Chowk,चिमाजी अप्पा पेशवे चौक,,,road,18.519735,73.849656,,,osm_overpass,1 OSM segments; point is median of segment centres
Chimaji Appa Peshwe Path,चिमाजी अप्पा पेशवे पथ,,,road,18.500887,73.853832,,,osm_overpass,18 OSM segments; point is median of segment centres
Chinchwad Chowk Underpass,चिंचवड चौक अंडरपास,,,road,18.638165,73.795591,,,osm_overpass,8 OSM segments; point is median of segment centres
Chinchwad Nagar Road,,,,road,18.636529,73.770379,,,osm_overpass,4 OSM segments; point is median of segment centres
Chinchwad Road,,,,road,18.632379,73.797158,,,osm_overpass,3 OSM segments; point is median of segment centres
Chintamani Chowk Road,,,,road,18.637279,73.767797,,,osm_overpass,4 OSM segments; point is median of segment centres
Colonel Tarapore Marg,कर्नल तारापोर मार्ग,,,road,18.520029,73.880371,,,osm_overpass,2 OSM segments; point is median of segment centres
Congress Bhavan Path,कॉंग्रेस भवन पथ,,,road,18.522748,73.851293,,,osm_overpass,8 OSM segments; point is median of segment centres
Connaught Place Road,,,,road,18.553912,73.949835,,,osm_overpass,3 OSM segments; point is median of segment centres
Crescent Road,,,,road,18.516508,73.943982,,,osm_overpass,3 OSM segments; point is median of segment centres
Cummins College Road,,,,road,18.487378,73.821802,,,osm_overpass,4 OSM segments; point is median of segment centres
D Lane,,,,road,18.540683,73.893268,,,osm_overpass,1 OSM segments; point is median of segment centres
D Mart Road,,,,road,18.484932,73.811236,,,osm_overpass,2 OSM segments; point is median of segment centres
D. N Parande Road,,,,road,18.618124,73.901481,,,osm_overpass,4 OSM segments; point is median of segment centres
D.Y. Patil College Road,,,,road,18.610972,73.918785,,,osm_overpass,1 OSM segments; point is median of segment centres
Dahanukar Circle,,,,road,18.495352,73.811761,,,osm_overpass,1 OSM segments; point is median of segment centres
Dandekar Bridge,दांडेकर पूल,,,road,18.502384,73.845423,,,osm_overpass,2 OSM segments; point is median of segment centres
Dange Chowk Road,,,,road,18.599695,73.744676,,,osm_overpass,17 OSM segments; point is median of segment centres
Dange Chowk Underpass,डांगे चौक भुयारी मार्ग,,,road,18.615509,73.765462,,,osm_overpass,10 OSM segments; point is median of segment centres
Dapodi Flyover,दापोडी उड्डाणपूल,,,road,18.584835,73.831059,,,osm_overpass,10 OSM segments; point is median of segment centres
Dapodi Main Road,,,,road,18.581778,73.830007,,,osm_overpass,4 OSM segments; point is median of segment centres
Dapodi Railway Stn Road,,,,road,18.579497,73.831371,,,osm_overpass,2 OSM segments; point is median of segment centres
Dapodi-Old Sangvi Road,,,,road,18.577697,73.81972,,,osm_overpass,3 OSM segments; point is median of segment centres
Daruwala Pul,दारुवाला पूल,,,road,18.519467,73.862257,,,osm_overpass,1 OSM segments; point is median of segment centres
Datta Mandir Road,दत्त मंदिर मार्ग,,Datta Mandir Road,road,18.601079,73.764153,,,osm_overpass,28 OSM segments; point is median of segment centres
Dattawadi Nere - Jambe Gaon Road,,,,road,18.638451,73.720808,,,osm_overpass,1 OSM segments; point is median of segment centres
Dattawadi Road,,,,road,18.576496,73.808509,,,osm_overpass,2 OSM segments; point is median of segment centres
Deccan College Road,,,,road,18.548461,73.871512,,,osm_overpass,11 OSM segments; point is median of segment centres
Deluxe Road Hedgewar Path Kalewadi Road,,,,road,18.619295,73.799683,,,osm_overpass,3 OSM segments; point is median of segment centres
Dengle Bridge,डेंगळे पूल,,,road,18.524707,73.857552,,,osm_overpass,3 OSM segments; point is median of segment centres
Dhananjay Gadgil Path,धनंजय गाडगीळ पथ,धनंजय गाडगीळ पथ,,road,18.512052,73.832049,,,osm_overpass,1 OSM segments; point is median of segment centres
Dhanori - Lohgaon Road,,,,road,18.597197,73.906507,,,osm_overpass,5 OSM segments; point is median of segment centres
Dhanori Road,,,,road,18.587345,73.888043,,,osm_overpass,5 OSM segments; point is median of segment centres
Dhaonri - Lohgaon Road,,,,road,18.596778,73.897901,,,osm_overpass,5 OSM segments; point is median of segment centres
Dharmveer Chhatrapati Shambhaji Maharaj Flyover,धर्मवीर छत्रपती संभाजी महाराज उड्डाणपूल,,,road,18.551876,73.88953,,,osm_overpass,10 OSM segments; point is median of segment centres
Dhayari Narhe Road,,,,road,18.44691,73.815511,,,osm_overpass,1 OSM segments; point is median of segment centres
Dhayari Phata Over Bridge,धायरी फाटा ओव्हर ब्रिज,,,road,18.461145,73.813048,,,osm_overpass,6 OSM segments; point is median of segment centres
Dhayari Road,,,,road,18.450425,73.811193,,,osm_overpass,21 OSM segments; point is median of segment centres
Dhole Patil Road,,,,road,18.534822,73.875461,,,osm_overpass,2 OSM segments; point is median of segment centres
Dholepatil Farms Road,,,,road,18.552796,73.949428,,,osm_overpass,14 OSM segments; point is median of segment centres
Dhondiba Bhiva Sutar Path,धोंडिबा भिवा सुतार पथ,,,road,18.503082,73.809111,,,osm_overpass,6 OSM segments; point is median of segment centres
Dhore Patil Flyover,ढोरे पाटील उड्डाणपूल,,,road,18.570525,73.808844,,,osm_overpass,3 OSM segments; point is median of segment centres
Dhotre Chowk,,,,road,18.532853,73.834311,,,osm_overpass,1 OSM segments; point is median of segment centres
Dive Ghat,दिवे घाट,,,road,18.419681,73.988537,,,osm_overpass,3 OSM segments; point is median of segment centres
Don Bosco Road,डॉन बॉस्को रस्ता,,,road,18.552481,73.893032,,,osm_overpass,2 OSM segments; point is median of segment centres
DP Road,,,,road,18.503149,73.798131,,,osm_overpass,36 OSM segments; point is median of segment centres
Dr Helenkelar Path,,,,road,18.50517,73.914004,,,osm_overpass,2 OSM segments; point is median of segment centres
Dr Homi Bhabha rd,,,,road,18.519038,73.779504,,,osm_overpass,1 OSM segments; point is median of segment centres
Dr. Annie Besant Path,डॉ. अॅनी बेझंट पथ,,,road,18.524683,73.874468,,,osm_overpass,1 OSM segments; point is median of segment centres
Dr. Coyajee Road,,,,road,18.515889,73.880731,,,osm_overpass,4 OSM segments; point is median of segment centres
Dr. Homi Bhabha Marg,डॉ. होमी भाभा मार्ग,,,road,18.53979,73.814961,,,osm_overpass,18 OSM segments; point is median of segment centres
Dr. Jayakar Path,डॉ. जयकर पथ,,,road,18.560335,73.814928,,,osm_overpass,2 OSM segments; point is median of segment centres
Dr. Ketkar Path,डॉ. केतकर पथ,,,road,18.512275,73.833895,,,osm_overpass,2 OSM segments; point is median of segment centres
Dr. Rajendra Prasad Path,डॉ. राजेंद्र प्रसाद पथ,,,road,18.528638,73.852241,,,osm_overpass,4 OSM segments; point is median of segment centres
DSK Ranwara road,,,,road,18.520503,73.777112,,,osm_overpass,12 OSM segments; point is median of segment centres
DSK Vishwa Road,,,,road,18.447216,73.806944,,,osm_overpass,3 OSM segments; point is median of segment centres
DY Patil University Road,,,,road,18.629515,73.907951,,,osm_overpass,18 OSM segments; point is median of segment centres
East Avenue,इस्ट अव्हेन्यू,,,road,18.542754,73.904796,,,osm_overpass,7 OSM segments; point is median of segment centres
East Street,इस्ट स्ट्रीट,,,road,18.512093,73.879743,,,osm_overpass,5 OSM segments; point is median of segment centres
Elphinstone Road,,,,road,18.559409,73.854023,,,osm_overpass,6 OSM segments; point is median of segment centres
EON CIRCLE KHARADI,,,,road,18.55396,73.950023,,,osm_overpass,1 OSM segments; point is median of segment centres
EON IT Park Road,,,,road,18.554125,73.95158,,,osm_overpass,1 OSM segments; point is median of segment centres
exit to baner,,,,road,18.578994,73.762214,,,osm_overpass,1 OSM segments; point is median of segment centres
exit to bhumkar wasti,,,,road,18.599846,73.753949,,,osm_overpass,1 OSM segments; point is median of segment centres
Field Marshal Cariappa Road,,,,road,18.5572,73.848601,,,osm_overpass,3 OSM segments; point is median of segment centres
Fountain Road,,,,road,18.551856,73.947172,,,osm_overpass,17 OSM segments; point is median of segment centres
Fursungi Bhekrai Road,,,,road,18.485104,73.955284,,,osm_overpass,4 OSM segments; point is median of segment centres
Fursungi Flyover,,,,road,18.471355,73.959575,,,osm_overpass,1 OSM segments; point is median of segment centres
Fursungi Road,,,,road,18.480624,73.961398,,,osm_overpass,1 OSM segments; point is median of segment centres
Fursungi Saswad Link Road,,,,road,18.47571,73.966918,,,osm_overpass,1 OSM segments; point is median of segment centres
G. A. Kulkarni Path,जी. ए. कुलकर्णी पथ,,,road,18.500484,73.822244,,,osm_overpass,11 OSM segments; point is median of segment centres
G. D. Madgulkar Bhuyari Marg,ग. दि. माडगूळकर भुयारी मार्ग,,,road,18.536854,73.850576,,,osm_overpass,13 OSM segments; point is median of segment centres
Gahunje - Mukai Chowk Kiwale - Ravet Road,,,,road,18.64794,73.738489,,,osm_overpass,2 OSM segments; point is median of segment centres
Gandhibhavan Marg,गांधीभवन मार्ग,,,road,18.499894,73.804595,,,osm_overpass,4 OSM segments; point is median of segment centres
Gandhibhavan Road,,,,road,18.495315,73.812722,,,osm_overpass,4 OSM segments; point is median of segment centres
Ganesh Nagar Road,,,,road,18.550778,73.924876,,,osm_overpass,1 OSM segments; point is median of segment centres
Ganesh Path,गणेश पथ,,,road,18.51921,73.861407,,,osm_overpass,4 OSM segments; point is median of segment centres
Ganeshkhind Road,गणेशखिंड मार्ग,,,road,18.535221,73.838161,,,osm_overpass,34 OSM segments; point is median of segment centres
Ganga Nagar Road,,,,road,18.645723,73.784715,,,osm_overpass,3 OSM segments; point is median of segment centres
Gangadham - Shatrunjay Road,,,,road,18.46737,73.876491,,,osm_overpass,22 OSM segments; point is median of segment centres
Ganpati Chowk,गणपती चौक,,,road,18.515008,73.85498,,,osm_overpass,1 OSM segments; point is median of segment centres
Gaothan Road,,,,road,18.492107,73.820043,,,osm_overpass,1 OSM segments; point is median of segment centres
GDP Road,,,,road,18.53502,73.912103,,,osm_overpass,2 OSM segments; point is median of segment centres
General Bhagat Marg,जनरल भगत मार्ग,,,road,18.506971,73.884121,,,osm_overpass,3 OSM segments; point is median of segment centres
General Thimayya Road,,,,road,18.559644,73.850355,,,osm_overpass,5 OSM segments; point is median of segment centres
General Vaidya Marg,जनरल वैद्य मार्ग,,,road,18.528514,73.879364,,,osm_overpass,3 OSM segments; point is median of segment centres
Gera Junction,,,,road,18.485859,73.888984,,,osm_overpass,1 OSM segments; point is median of segment centres
Ghaseti Pul,घसेटी पूल,,,road,18.510677,73.863547,,,osm_overpass,1 OSM segments; point is median of segment centres
Ghole Road,घोले पथ,,,road,18.523686,73.845992,,,osm_overpass,8 OSM segments; point is median of segment centres
Ghorpadi Road,घोडपडी रस्ता,,,road,18.526698,73.896811,,,osm_overpass,13 OSM segments; point is median of segment centres
GK Lane Number 2,,,,road,18.580315,73.786725,,,osm_overpass,1 OSM segments; point is median of segment centres
Godrej / VTP Circle,,,Godrej / VTP Circle,road,18.564828,73.735649,,,osm_overpass,4 OSM segments; point is median of segment centres
Goel Ganga road,,,,road,18.47036,73.824445,,,osm_overpass,3 OSM segments; point is median of segment centres
Gokhale Nagar Road,,,,road,18.534726,73.829478,,,osm_overpass,1 OSM segments; point is median of segment centres
Gokhale Road,,,,road,18.533063,73.834179,,,osm_overpass,4 OSM segments; point is median of segment centres
Golden cafe,,,,road,18.647606,73.845632,,,osm_overpass,3 OSM segments; point is median of segment centres
Golwalkar Guruji Path,गोळवलकर गुरुजी पथ,,,road,18.488073,73.849986,,,osm_overpass,3 OSM segments; point is median of segment centres
Golwalkar Guruji Road,,,,road,18.495772,73.850505,,,osm_overpass,2 OSM segments; point is median of segment centres
Gopal Ganesh Agarkar Path,गोपाळ गणेश आगरकर पथ,,,road,18.520179,73.830666,,,osm_overpass,3 OSM segments; point is median of segment centres
Gopal Hari Deshmukh Marg,गोपाळ हरी देशमुख मार्ग,,,road,18.555463,73.796378,,,osm_overpass,23 OSM segments; point is median of segment centres
Gopal Krushna Gokhale Path,गोपाळ कृष्ण गोखले पथ,,,road,18.525306,73.84229,,,osm_overpass,16 OSM segments; point is median of segment centres
Gopi Provision Stores,,,,road,18.450102,73.891716,,,osm_overpass,1 OSM segments; point is median of segment centres
Govind Garden Chowk New Flyover,,,,road,18.597537,73.802544,,,osm_overpass,6 OSM segments; point is median of segment centres
Govind Garden Chowk-Pimple Saudagar Road,,,,road,18.598051,73.802408,,,osm_overpass,3 OSM segments; point is median of segment centres
Govind Garden Road,,,,road,18.594583,73.802191,,,osm_overpass,2 OSM segments; point is median of segment centres
Gramdaivat Shree Dharmanath Maharaj Flyover,ग्रामदैवत श्री धर्मनाथ महाराज उड्डाणपूल,,,road,18.648717,73.735157,,,osm_overpass,4 OSM segments; point is median of segment centres
Grant Road,,,,road,18.560545,73.954607,,,osm_overpass,8 OSM segments; point is median of segment centres
gTupe Patil Road,,,,road,18.516524,73.937196,,,osm_overpass,2 OSM segments; point is median of segment centres
Gujar Wadi Road,,,,road,18.438184,73.861821,,,osm_overpass,3 OSM segments; point is median of segment centres
Gujarnagar Flyover,गुजरनगर उड्डाणपूल,,Gujarnagar Flyover,road,18.610021,73.769625,,,osm_overpass,6 OSM segments; point is median of segment centres
Gulwani Maharaj Path,गुळवणी महाराज पथ,,,road,18.500903,73.825338,,,osm_overpass,5 OSM segments; point is median of segment centres
Guru Nanak Path,गुरु नानक पथ,,,road,18.51765,73.861669,,,osm_overpass,1 OSM segments; point is median of segment centres
Gurudwara Road,,,,road,18.64458,73.768388,,,osm_overpass,7 OSM segments; point is median of segment centres
Gurudwara-Biajli Nagar Road,,,,road,18.648623,73.763019,,,osm_overpass,5 OSM segments; point is median of segment centres
H. K. Firodia Bridge,एच. के. फिरोदिया पूल,,,road,18.52992,73.853637,,,osm_overpass,2 OSM segments; point is median of segment centres
Hadapsar,,,,road,18.500774,73.937915,,,osm_overpass,1 OSM segments; point is median of segment centres
Hadapsar - Manjari Road,,,,road,18.511505,73.965128,,,osm_overpass,11 OSM segments; point is median of segment centres
Hadapsar Railway Station Road,,,,road,18.52948,73.924754,,,osm_overpass,1 OSM segments; point is median of segment centres
Handewadi Road,,,,road,18.48014,73.931761,,,osm_overpass,6 OSM segments; point is median of segment centres
Hanumant Eknath Vitkar Path,हनुमंत एकनाथ विटकर पथ,,,road,18.525547,73.830545,,,osm_overpass,1 OSM segments; point is median of segment centres
Hari Ganga Avenue,,,,road,18.55406,73.880406,,,osm_overpass,3 OSM segments; point is median of segment centres
Harikrushna Mandir Path,हरिकृष्ण मंदिर पथ,,,road,18.532941,73.838317,,,osm_overpass,2 OSM segments; point is median of segment centres
Harris Bridge,हॅरिस पूल,,,road,18.575391,73.835902,,,osm_overpass,3 OSM segments; point is median of segment centres
Hatti Chowk,,,,road,18.468396,73.85281,,,osm_overpass,1 OSM segments; point is median of segment centres
Hedgewar Pul,हेडगेवार पूल,,,road,18.616955,73.784808,,,osm_overpass,1 OSM segments; point is median of segment centres
Hedgewar road,हेडगेवार मार्ग,,Hedgewar road,road,18.617619,73.791134,,,osm_overpass,9 OSM segments; point is median of segment centres
Hidayatullah Path,हिदायतुल्ला पथ,,,road,18.506137,73.874863,,,osm_overpass,3 OSM segments; point is median of segment centres
Highway bypass,,,,road,18.600374,73.754354,,,osm_overpass,1 OSM segments; point is median of segment centres
Hingane Internal Road,,,,road,18.478413,73.831329,,,osm_overpass,1 OSM segments; point is median of segment centres
Hinjawadi - Chinchwad Road,,,,road,18.60832,73.757059,,,osm_overpass,23 OSM segments; point is median of segment centres
Hinjawadi - Wakad Road,हिंजवडी वाकड रस्ता,,,road,18.591041,73.744843,,,osm_overpass,3 OSM segments; point is median of segment centres
Hinjawadi Phase 1 road,हिंजवडी फेज १ रस्ता,,,road,18.591167,73.738876,,,osm_overpass,7 OSM segments; point is median of segment centres
Hinjawadi Phase 2 Road,हिंजवडी फेज २ रस्ता,हिंजवडी फेज २ रस्ता,Hinjawadi Phase 2 Road,road,18.5927,73.73546,,,osm_overpass,11 OSM segments; point is median of segment centres
Hinjawadi Road,हिंजवडी रस्ता,,,road,18.59114,73.749307,,,osm_overpass,7 OSM segments; point is median of segment centres
Hinjawadi Service Road,हिंजवडी सर्व्हिस रोड,हिंजवडी सर्व्हिस रोड,Hinjawadi Service Road,road,18.586455,73.759088,,,osm_overpass,6 OSM segments; point is median of segment centres
His Highness The Prince Aga Khan Marg,हिज हायनेस प्रिन्स आगा खान मार्ग,,His Highness The Prince Aga Khan Marg,road,18.528141,73.874953,,,osm_overpass,5 OSM segments; point is median of segment centres
Holkar Bridge,होळकर पूल,,,road,18.555116,73.861965,,,osm_overpass,3 OSM segments; point is median of segment centres
Hutatma Chowk,हुतात्मा चौक,,,road,18.516866,73.856254,,,osm_overpass,1 OSM segments; point is median of segment centres
IBMR College Road,,,,road,18.640862,73.802474,,,osm_overpass,10 OSM segments; point is median of segment centres
Imambhai Shekh Path,इमामभाई शेख पथ,,,road,18.503894,73.83106,,,osm_overpass,2 OSM segments; point is median of segment centres
Indrayani Nagar Road,,,,road,18.632897,73.838307,,,osm_overpass,5 OSM segments; point is median of segment centres
Indrayani Randive Road,,,,road,18.457515,73.882521,,,osm_overpass,5 OSM segments; point is median of segment centres
Irawati Karve Marg,,,,road,18.495047,73.87307,,,osm_overpass,1 OSM segments; point is median of segment centres
ITI Road,आयटीआय मार्ग,आयटीआय मार्ग,ITI Road,road,18.555321,73.809273,,,osm_overpass,7 OSM segments; point is median of segment centres
its a Ghat section and zig zag slope road,,,,road,18.398041,73.951875,,,osm_overpass,1 OSM segments; point is median of segment centres
Jagannath Kaniram Kasat Path,जगन्नाथ कनिराम कासट पथ,,,road,18.515789,73.843915,,,osm_overpass,3 OSM segments; point is median of segment centres
Jagannath Shankarsheth Marg,जगन्नाथ शंकरशेठ मार्ग,,,road,18.501193,73.868986,,,osm_overpass,29 OSM segments; point is median of segment centres
Jagannathrao Joshi Marg,जगन्नाथराव जोशी मार्ग,,,road,18.503835,73.873723,,,osm_overpass,1 OSM segments; point is median of segment centres
Jagtap Dairy Flyover,जगताप डेअरी उड्डाणपूल,,Jagtap Dairy Flyover,road,18.592116,73.785565,,,osm_overpass,6 OSM segments; point is median of segment centres
Jagtap Dairy-Wakad Bypass Road,,,,road,18.592171,73.785154,,,osm_overpass,5 OSM segments; point is median of segment centres
Jagtap Dairy-Wakad Road,,,,road,18.592966,73.785646,,,osm_overpass,10 OSM segments; point is median of segment centres
Jagtap Road,,,,road,18.517784,73.863036,,,osm_overpass,3 OSM segments; point is median of segment centres
Jambhulwadi Road,,,,road,18.450115,73.849904,,,osm_overpass,1 OSM segments; point is median of segment centres
Jambulwadi road,,,,road,18.449941,73.851309,,,osm_overpass,1 OSM segments; point is median of segment centres
Jan Mohammed Road,,,,road,18.507734,73.879024,,,osm_overpass,1 OSM segments; point is median of segment centres
Janawadi Road,,,,road,18.52914,73.826874,,,osm_overpass,2 OSM segments; point is median of segment centres
Jangli Maharaj Path,जंगली महाराज पथ,,,road,18.517486,73.843756,,,osm_overpass,8 OSM segments; point is median of segment centres
Jarvari Road,,,,road,18.598044,73.797732,,,osm_overpass,5 OSM segments; point is median of segment centres
Jawaharlal Nehru Marg,जवाहरलाल नेहरु मार्ग,,,road,18.510343,73.868534,,,osm_overpass,30 OSM segments; point is median of segment centres
Jawaharlal Nehru Road,,,,road,18.620948,73.801623,,,osm_overpass,1 OSM segments; point is median of segment centres
Jawaharlal Nehru Road Hedgewar Path,,,,road,18.620535,73.801445,,,osm_overpass,1 OSM segments; point is median of segment centres
Jayant Pandurang Naik Path,जयंत पाडुरंग नाईक पथ,,,road,18.505861,73.819888,,,osm_overpass,2 OSM segments; point is median of segment centres
Jayantarao Tilak Bridge,जयंतराव टिळक पूल,,,road,18.521807,73.853332,,,osm_overpass,2 OSM segments; point is median of segment centres
Jayprakash Narayan Path,जयप्रकाश नारायण पथ,,,road,18.527558,73.873233,,,osm_overpass,4 OSM segments; point is median of segment centres
Jedhe Prasad Road,,,,road,18.508601,73.859369,,,osm_overpass,2 OSM segments; point is median of segment centres
Jethiram Bhima Shelar Path,,,,road,18.526518,73.827001,,,osm_overpass,1 OSM segments; point is median of segment centres
Jnanoba Bhakuji Jadhav Path,ज्ञानोबा भाकुजी जाधव पथ,,,road,18.524706,73.853115,,,osm_overpass,3 OSM segments; point is median of segment centres
Juna Motor Stand,,,,road,18.508993,73.872293,,,osm_overpass,2 OSM segments; point is median of segment centres
K. B. Joshi Path,कृ. बा. जोशी पथ,,,road,18.533432,73.846776,,,osm_overpass,6 OSM segments; point is median of segment centres
Kahun Road,,,,road,18.516466,73.883666,,,osm_overpass,5 OSM segments; point is median of segment centres
Kakasaheb Gadgil Bridge,काकासाहेब गाडगीळ पूल,,,road,18.515719,73.84416,,,osm_overpass,1 OSM segments; point is median of segment centres
kalamkar road,,,,road,18.564429,73.784505,,,osm_overpass,2 OSM segments; point is median of segment centres
Kale Borate Nagar - Connecting Road,,,,road,18.492324,73.936617,,,osm_overpass,3 OSM segments; point is median of segment centres
Kale Borate Nagar - Saswad Road,,,,road,18.487672,73.946211,,,osm_overpass,5 OSM segments; point is median of segment centres
Kale Borate Nagar Road,,,,road,18.490932,73.934775,,,osm_overpass,1 OSM segments; point is median of segment centres
Kale Padal Road,,,,road,18.487545,73.934163,,,osm_overpass,4 OSM segments; point is median of segment centres
Kalewadi Main Road,,,,road,18.570889,73.808499,,,osm_overpass,4 OSM segments; point is median of segment centres
Kalewadi Main Road * Aundh-Ravet Road,,,,road,18.571922,73.807462,,,osm_overpass,2 OSM segments; point is median of segment centres
Kalewadi Main Road / Aundh-Ravet Road,,,,road,18.591811,73.784972,,,osm_overpass,1 OSM segments; point is median of segment centres
Kalu Tamanna Kusalkar Road,काळू तमन्ना कुसाळकर रस्ता,,Kalu Tamanna Kusalkar Road,road,18.529428,73.832691,,,osm_overpass,1 OSM segments; point is median of segment centres
Kalwad Area Road,,,,road,18.59381,73.907261,,,osm_overpass,1 OSM segments; point is median of segment centres
Kalyani Nagar - Wadgaon Sheri Road,,,,road,18.546099,73.925003,,,osm_overpass,1 OSM segments; point is median of segment centres
Kamate Nagar Road,,,,road,18.445179,73.886388,,,osm_overpass,2 OSM segments; point is median of segment centres
Kambale Path,,,,road,18.476402,73.854614,,,osm_overpass,3 OSM segments; point is median of segment centres
Kamgar Putala,,,,road,18.528125,73.857604,,,osm_overpass,1 OSM segments; point is median of segment centres
Kandoba Chowk Underpass,खंडोबा चौक अंडरपास,,,road,18.649091,73.786263,,,osm_overpass,6 OSM segments; point is median of segment centres
Karve Nagar Road,,,,road,18.493548,73.818249,,,osm_overpass,1 OSM segments; point is median of segment centres
Karve Road,कर्वे रस्ता,,,road,18.508066,73.830068,,,osm_overpass,65 OSM segments; point is median of segment centres
Karvenagar Flyover,कर्वेनगर उड्डाणपूल,,,road,18.48872,73.814006,,,osm_overpass,10 OSM segments; point is median of segment centres
Kasarwadi - Pimple Gurav Bridge,,,,road,18.596807,73.818287,,,osm_overpass,1 OSM segments; point is median of segment centres
Kasarwadi - Pimple Gurav Road,,,,road,18.601989,73.821833,,,osm_overpass,8 OSM segments; point is median of segment centres
Kasarwadi-Pimple Gurav Road,,,,road,18.603695,73.821746,,,osm_overpass,3 OSM segments; point is median of segment centres
Kashibai Amrutrao Khilare Path,काशीबाई अमृतराव खिलारे पथ,,,road,18.508962,73.835307,,,osm_overpass,1 OSM segments; point is median of segment centres
Kaspate Vasti Road,कस्पटे वस्ती रस्ता,,Kaspate Vasti Road,road,18.593079,73.773588,,,osm_overpass,10 OSM segments; point is median of segment centres
Kate Puram Road,,,,road,18.585822,73.817071,,,osm_overpass,2 OSM segments; point is median of segment centres
Kate Vasti Road,,,,road,18.593313,73.803409,,,osm_overpass,2 OSM segments; point is median of segment centres
Katraj - Dehu Road Bypass,कात्रज - देहू रोड बाह्यवळण महामार्ग,,,road,18.516517,73.779782,,,osm_overpass,178 OSM segments; point is median of segment centres
Katraj Ambegaon Khurd Road,,,,road,18.449132,73.846489,,,osm_overpass,8 OSM segments; point is median of segment centres
Katraj Bypass Road,,,,road,18.449739,73.909585,,,osm_overpass,2 OSM segments; point is median of segment centres
Katraj Bypass Road | Katraj - Kondhwa Road,,,,road,18.451025,73.884599,,,osm_overpass,2 OSM segments; point is median of segment centres
Katraj Flyover,कात्रज उड्डाणपूल,,,road,18.447883,73.861727,,,osm_overpass,6 OSM segments; point is median of segment centres
Katraj Ghat,कात्रज घाट,,,road,18.41354,73.8576,,,osm_overpass,1 OSM segments; point is median of segment centres
Katraj Kondhwa Road,कात्रज कोंढवा रस्ता,,,road,18.44817,73.861665,,,osm_overpass,15 OSM segments; point is median of segment centres
Katraj Tunnel,कात्रज बोगदा,,,road,18.399387,73.857292,,,osm_overpass,1 OSM segments; point is median of segment centres
Katraj-Kondhwa Road,कात्रज कोंढवा रस्ता,,,road,18.449817,73.873655,,,osm_overpass,5 OSM segments; point is median of segment centres
KBS Road Flyover,केबीएस रोड फ्लायओव्हर,,,road,18.625905,73.801583,,,osm_overpass,2 OSM segments; point is median of segment centres
Keshav Nagar Road,केशव नगर रस्ता,,,road,18.536589,73.950778,,,osm_overpass,4 OSM segments; point is median of segment centres
Keshavrao Jedhe Path,केशवराव जेधे पथ,,,road,18.478606,73.859619,,,osm_overpass,3 OSM segments; point is median of segment centres
Keshavrao Sadoba Padale Chowk,केशवराव सदोबा पाडळे चौक,,,road,18.50685,73.832292,,,osm_overpass,2 OSM segments; point is median of segment centres
Khadakmal Ali Path,खडकमाळ आळी पथ,,,road,18.503986,73.857085,,,osm_overpass,2 OSM segments; point is median of segment centres
Khadakwasla Village Bypass Road,,,,road,18.440301,73.776652,,,osm_overpass,1 OSM segments; point is median of segment centres
Khadki Bazar Road,,,,road,18.56432,73.849843,,,osm_overpass,1 OSM segments; point is median of segment centres
Khadki Bazar-Shantinagar Bridge,,,,road,18.568813,73.873038,,,osm_overpass,1 OSM segments; point is median of segment centres
Khadki Bazar-Vishrantwadi Road,,,,road,18.568849,73.862723,,,osm_overpass,9 OSM segments; point is median of segment centres
Kharadi Bypass,,,,road,18.537522,73.934182,,,osm_overpass,10 OSM segments; point is median of segment centres
Kharadi Road,,,,road,18.550864,73.938967,,,osm_overpass,4 OSM segments; point is median of segment centres
Kharadi South Main Road,,,,road,18.549595,73.941624,,,osm_overpass,8 OSM segments; point is median of segment centres
Khashaba Jadhav Path | Lane Number 6,,,,road,18.45443,73.856218,,,osm_overpass,3 OSM segments; point is median of segment centres
Khese Park Road,,,,road,18.589565,73.909998,,,osm_overpass,1 OSM segments; point is median of segment centres
KK Market road,,,,road,18.468843,73.860488,,,osm_overpass,8 OSM segments; point is median of segment centres
Kokane Chowk,कोकणे चौक,,,road,18.597249,73.790372,,,osm_overpass,1 OSM segments; point is median of segment centres
Kokane Chowk - Rahatani Road,,,,road,18.602583,73.795923,,,osm_overpass,3 OSM segments; point is median of segment centres
Kondhwa Main Road,कोंढवा रस्ता,,,road,18.468955,73.890227,,,osm_overpass,29 OSM segments; point is median of segment centres
Kondhwa Marg,कोंढवा मार्ग,,,road,18.492031,73.885272,,,osm_overpass,13 OSM segments; point is median of segment centres
Koregaon Road,,,,road,18.539049,73.885464,,,osm_overpass,12 OSM segments; point is median of segment centres
KP Yallapa Pawar Marg,,,,road,18.501118,73.920138,,,osm_overpass,7 OSM segments; point is median of segment centres
Kranti Chowk road,,,,road,18.582428,73.812685,,,osm_overpass,1 OSM segments; point is median of segment centres
Kranti Nagar Road,,,,road,18.584537,73.785635,,,osm_overpass,1 OSM segments; point is median of segment centres
Krantisinha Nana Patil Road,,,,road,18.646275,73.770811,,,osm_overpass,6 OSM segments; point is median of segment centres
Krushnahardas Path,कृष्णहरदास पथ,,,road,18.509675,73.844853,,,osm_overpass,1 OSM segments; point is median of segment centres
KSB Chowk Underpass,केएसबी चौक भुयारी मार्ग,,,road,18.6493,73.811302,,,osm_overpass,4 OSM segments; point is median of segment centres
Kunal Icon Road,,,,road,18.592594,73.802917,,,osm_overpass,1 OSM segments; point is median of segment centres
Kunte Chowk,कुंटे चौक,,,road,18.514475,73.852318,,,osm_overpass,1 OSM segments; point is median of segment centres
Kushaba Jhangale Road,,,,road,18.492058,73.863897,,,osm_overpass,3 OSM segments; point is median of segment centres
Lakaki Road,लकाकी रस्ता,लकाकी रास्ता,Lakaki Road,road,18.530914,73.840287,,,osm_overpass,1 OSM segments; point is median of segment centres
Lakshmanrao Kirloskar Road,,,,road,18.570803,73.839536,,,osm_overpass,2 OSM segments; point is median of segment centres
Lakshmi Road,,,,road,18.637545,73.844623,,,osm_overpass,3 OSM segments; point is median of segment centres
Lalbahadur Shashtri Marg,लालबहादूर शास्त्री मार्ग,,,road,18.509496,73.843575,,,osm_overpass,16 OSM segments; point is median of segment centres
Lane 2,,,,road,18.511266,73.778768,,,osm_overpass,6 OSM segments; point is median of segment centres
Lane 7,,,,road,18.516011,73.836441,,,osm_overpass,1 OSM segments; point is median of segment centres
Lane No 7,,,,road,18.535029,73.899605,,,osm_overpass,2 OSM segments; point is median of segment centres
Lane Number 13,,,,road,18.576508,73.895264,,,osm_overpass,1 OSM segments; point is median of segment centres
Late Chandrakant Raoji Jagtap Road,कै. चंद्रकांत रावजी जगताप मार्ग,,,road,18.572041,73.792826,,,osm_overpass,1 OSM segments; point is median of segment centres
late Chief of Army Staff Bipin Rawat Underpass,दिवंगत लष्करप्रमुख बिपिन रावत अंडरपास,,,road,18.644129,73.769326,,,osm_overpass,5 OSM segments; point is median of segment centres
Late Keshavrao Jedhe Flyover,कै. केशवराव जेधे उड्डाणपूल,,,road,18.500217,73.857847,,,osm_overpass,7 OSM segments; point is median of segment centres
Late Manohar Parikar Underpass,,,,road,18.599475,73.811804,,,osm_overpass,9 OSM segments; point is median of segment centres
Late Narayanrao Kondiba Jagtap Path,,,,road,18.482839,73.829723,,,osm_overpass,11 OSM segments; point is median of segment centres
Late Vitthalrao Namdeo Shivarkar Road,कै विठ्ठलराव नामदेव शिवरकर रोड,,,road,18.495412,73.900114,,,osm_overpass,36 OSM segments; point is median of segment centres
Laxmi Chowk Road,,,Laxmi Chowk Road,road,18.60229,73.744256,,,osm_overpass,7 OSM segments; point is median of segment centres
Laxmi Path,लक्ष्मी पथ,,,road,18.515433,73.863703,,,osm_overpass,14 OSM segments; point is median of segment centres
Laxmi Road,,,,road,18.515349,73.868771,,,osm_overpass,3 OSM segments; point is median of segment centres
Laxminagar Road,,,,road,18.495739,73.84933,,,osm_overpass,1 OSM segments; point is median of segment centres
Link Road Undrigaon,,,,road,18.461118,73.90824,,,osm_overpass,1 OSM segments; point is median of segment centres
LMD Chowk,,,,road,18.511042,73.777153,,,osm_overpass,1 OSM segments; point is median of segment centres
Lohgaon - Shinde Vadgaon Road,,,,road,18.595966,73.924639,,,osm_overpass,3 OSM segments; point is median of segment centres
Lohgaon - Wagholi New Road,,,,road,18.581203,73.978815,,,osm_overpass,3 OSM segments; point is median of segment centres
Lohgaon - Wagholi Old Road,,,,road,18.581364,73.984122,,,osm_overpass,4 OSM segments; point is median of segment centres
Lohgaon - Wagholi Road,लोहगांव - वाघोली रोड,,,road,18.590101,73.948271,,,osm_overpass,3 OSM segments; point is median of segment centres
Lohgaon Road,,,,road,18.589554,73.916472,,,osm_overpass,6 OSM segments; point is median of segment centres
Lokmanya Tilak Marg,लोकमान्य टिळक मार्ग,,,road,18.506827,73.851738,,,osm_overpass,18 OSM segments; point is median of segment centres
Loop Road,,,,road,18.552773,73.880484,,,osm_overpass,4 OSM segments; point is median of segment centres
Maai Mangeshkar Path,माई मंगेशकर पथ,,,road,18.501121,73.831463,,,osm_overpass,1 OSM segments; point is median of segment centres
Maan - Mhalunge Connector Bridge,,,,road,18.568867,73.733376,,,osm_overpass,2 OSM segments; point is median of segment centres
Maan - Mhalunge Connector Road,,,Maan - Mhalunge Connector Road,road,18.57119,73.731966,,,osm_overpass,4 OSM segments; point is median of segment centres
Maan road,माण मार्ग,,Maan road,road,18.584913,73.731817,,,osm_overpass,5 OSM segments; point is median of segment centres
Madhavrao Peshve Marg,माधवराव पेशवे मार्ग,,,road,18.504083,73.852215,,,osm_overpass,10 OSM segments; point is median of segment centres
Madhavrao Shirole Path,माधवराव शिरोळे पथ,,,road,18.521933,73.843847,,,osm_overpass,1 OSM segments; point is median of segment centres
Madhuban Society Road,,,,road,18.57894,73.767965,,,osm_overpass,3 OSM segments; point is median of segment centres
Madhukar Chimanrao Potnis Path,मधुकर चिमणराव पोतनीस पथ,,,road,18.508525,73.855014,,,osm_overpass,2 OSM segments; point is median of segment centres
Magar Stadium Road,,,,road,18.634113,73.82549,,,osm_overpass,4 OSM segments; point is median of segment centres
Magarpatta Inner Circle,,,,road,18.514893,73.926262,,,osm_overpass,2 OSM segments; point is median of segment centres
Magarpatta Rear Approach Road,,,,road,18.523807,73.917947,,,osm_overpass,14 OSM segments; point is median of segment centres
Magarpatta Road,,,,road,18.533332,73.933118,,,osm_overpass,6 OSM segments; point is median of segment centres
Magarpatta Road Flyover,मगरपट्टा रोड उड्डाणपूल,,,road,18.502802,73.927601,,,osm_overpass,15 OSM segments; point is median of segment centres
Magarpatta West Gate Road,,,,road,18.515067,73.921822,,,osm_overpass,5 OSM segments; point is median of segment centres
Mahadji Shinde Marg,महादजी शिंदे मार्ग,महादजी शिंदे मार्ग,Mahadji Shinde Marg,road,18.563963,73.807462,,,osm_overpass,8 OSM segments; point is median of segment centres
Mahanagarpalika Vidyalay Path,महानगरपालिका विद्यालय पथ,,,road,18.518543,73.855371,,,osm_overpass,1 OSM segments; point is median of segment centres
Maharana Pratapsinh Marg,महाराणा प्रतापसिंह मार्ग,,,road,18.509183,73.862359,,,osm_overpass,2 OSM segments; point is median of segment centres
Maharastra Bhushan DR Shree Nanasahesb Dharmadhikari Flyover,महाराष्ट्र भूषण डॉ. श्री नानासाहेब धर्माधिकारी उड्डाणपूल,,Maharastra Bhushan DR Shree Nanasahesb Dharmadhikari Flyover,road,18.602765,73.777501,,,osm_overpass,6 OSM segments; point is median of segment centres
Maharshi Vitthal Ramji Shinde Bridge,महर्षी विठ्ठल रामजी शिंदे पूल,,,road,18.520996,73.849461,,,osm_overpass,6 OSM segments; point is median of segment centres
Mahatma Gandhi Marg,महात्मा गांधी मार्ग,,,road,18.507314,73.87863,,,osm_overpass,3 OSM segments; point is median of segment centres
Mahatma Jyotiba Phule Flyover,महात्मा ज्योतिबा फुले उड्डाणपूल,,,road,18.574935,73.80737,,,osm_overpass,4 OSM segments; point is median of segment centres
Mahatma Phule Marg,,,,road,18.643464,73.796631,,,osm_overpass,1 OSM segments; point is median of segment centres
Mahatma Phule Path,महात्मा फुले पथ,,,road,18.508323,73.874901,,,osm_overpass,6 OSM segments; point is median of segment centres
Mahatma Phule Road,,,,road,18.510539,73.865452,,,osm_overpass,5 OSM segments; point is median of segment centres
Main Gate Road,,,,road,18.514707,73.931762,,,osm_overpass,5 OSM segments; point is median of segment centres
Malhargad Road,,,,road,18.404131,74.025381,,,osm_overpass,1 OSM segments; point is median of segment centres
Malwadi Road,,,,road,18.510071,73.941287,,,osm_overpass,1 OSM segments; point is median of segment centres
Maneckji Mehta Road,,,,road,18.524267,73.880178,,,osm_overpass,8 OSM segments; point is median of segment centres
Mangal Kalash Road,,,,road,18.649797,73.761714,,,osm_overpass,3 OSM segments; point is median of segment centres
Mangaldas Road,मंगलदास रस्ता,,,road,18.534748,73.879669,,,osm_overpass,10 OSM segments; point is median of segment centres
Manjari - Wagholi Road,,,,road,18.538783,73.988634,,,osm_overpass,2 OSM segments; point is median of segment centres
Manjari Railway Flyover,,,,road,18.513699,73.970629,,,osm_overpass,7 OSM segments; point is median of segment centres
Manjri Greens Road,,,,road,18.50009,73.968154,,,osm_overpass,1 OSM segments; point is median of segment centres
Marketyard Road,,,,road,18.486646,73.866969,,,osm_overpass,3 OSM segments; point is median of segment centres
Marunji Road,मारुंजी मार्ग,,,road,18.597199,73.734722,,,osm_overpass,4 OSM segments; point is median of segment centres
Marvel Citrine Road,,,,road,18.553153,73.944315,,,osm_overpass,1 OSM segments; point is median of segment centres
Matchwel Factory Road | Christ College Road | Bethany Ashram Road,,,,road,18.558443,73.911567,,,osm_overpass,3 OSM segments; point is median of segment centres
Matoshri Ramabai Ambedkar Path,मातोश्री रमाबाई आंबेडकर पथ,,,road,18.532402,73.874263,,,osm_overpass,1 OSM segments; point is median of segment centres
Mediacal College Road,,,,road,18.4573,73.853153,,,osm_overpass,3 OSM segments; point is median of segment centres
Mhalunge - Baner Road,म्हाळुंगे - बाणेर मार्ग,,Mhalunge - Baner Road,road,18.56982,73.764156,,,osm_overpass,3 OSM segments; point is median of segment centres
Mhalunge - Nande Road,,,Mhalunge - Nande Road,road,18.56553,73.737413,,,osm_overpass,10 OSM segments; point is median of segment centres
MIDC Road,,,,road,18.649061,73.837308,,,osm_overpass,4 OSM segments; point is median of segment centres
MIDC Road | Morawadi Road | Pimpri - Chikhali Road,,,,road,18.634727,73.803733,,,osm_overpass,6 OSM segments; point is median of segment centres
Mirza Ghalib Marg,मिर्झा गालिब मार्ग,,,road,18.51244,73.86417,,,osm_overpass,4 OSM segments; point is median of segment centres
MM School-Chinchwad Gaon Road,,,,road,18.627215,73.782544,,,osm_overpass,4 OSM segments; point is median of segment centres
Mohammadwadi Road,,,,road,18.478871,73.926719,,,osm_overpass,2 OSM segments; point is median of segment centres
Mokshagundam Vishweshvarayya Flyover,मोक्षगुंडम विश्वेश्वरय्या उड्डाणपूल,,,road,18.530908,73.854014,,,osm_overpass,13 OSM segments; point is median of segment centres
Moledina Road,,,,road,18.518902,73.877546,,,osm_overpass,3 OSM segments; point is median of segment centres
Mother Teresa Flyover,मदर तेरेसा उड्डाणपूल,,,road,18.63086,73.795848,,,osm_overpass,10 OSM segments; point is median of segment centres
Moze College Road,,,,road,18.573741,73.776226,,,osm_overpass,1 OSM segments; point is median of segment centres
Mudaliar Road,,,,road,18.51953,73.864178,,,osm_overpass,2 OSM segments; point is median of segment centres
Mula Road,,,,road,18.550357,73.85546,,,osm_overpass,16 OSM segments; point is median of segment centres
Mulshi Road,,,,road,18.507191,73.780503,,,osm_overpass,2 OSM segments; point is median of segment centres
Mulshi Road Underpass,मुळशी रोड अंडरपास,,,road,18.50679,73.78165,,,osm_overpass,3 OSM segments; point is median of segment centres
Mumbai - Satara Highway,,,,road,18.593551,73.756652,,,osm_overpass,19 OSM segments; point is median of segment centres
Mumbai Pune Bypass Road,,,,road,18.435575,73.839501,,,osm_overpass,4 OSM segments; point is median of segment centres
Mumbai Pune Bypass Road * Katraj-Dehu Rd Bypass,,,,road,18.489771,73.79218,,,osm_overpass,2 OSM segments; point is median of segment centres
Mundhwa Bridge,,,,road,18.536149,73.93383,,,osm_overpass,1 OSM segments; point is median of segment centres
Mundhwa Road,मुंढवा रस्ता,,,road,18.526834,73.932737,,,osm_overpass,35 OSM segments; point is median of segment centres
Mundhwa Road Railway Flyover,,,,road,18.526861,73.93234,,,osm_overpass,6 OSM segments; point is median of segment centres
N. M. Chavan Chowk,ना. मा. चव्हाण चौक,,,road,18.54303,73.904916,,,osm_overpass,1 OSM segments; point is median of segment centres
Nagar Road,,,,road,18.562254,73.923668,,,osm_overpass,52 OSM segments; point is median of segment centres
Nagras Road,नागरस रोड,नागरस रोड,Nagras Road,road,18.565337,73.807091,,,osm_overpass,3 OSM segments; point is median of segment centres
Nakalakar Bhonde Path,नकलाकार भोंडे पथ,,,road,18.516665,73.855056,,,osm_overpass,1 OSM segments; point is median of segment centres
Namdev Bhirat Saduji Path,,,,road,18.530475,73.829315,,,osm_overpass,1 OSM segments; point is median of segment centres
Nanasaheb Dharmadhikari Path,नानासाहेब धर्माधिकारी पथ,,,road,18.502579,73.801974,,,osm_overpass,6 OSM segments; point is median of segment centres
Nanasaheb Sutar Path,नानासाहेब सुतार पथ,,,road,18.506894,73.807702,,,osm_overpass,3 OSM segments; point is median of segment centres
Nanded City Road,,,,road,18.459153,73.799478,,,osm_overpass,13 OSM segments; point is median of segment centres
Nanded City Shivane Link Road,,,,road,18.464888,73.782083,,,osm_overpass,1 OSM segments; point is median of segment centres
Nanded Shivane Link Road,,,,road,18.461525,73.784569,,,osm_overpass,11 OSM segments; point is median of segment centres
Napler Road,,,,road,18.502767,73.883122,,,osm_overpass,2 OSM segments; point is median of segment centres
Narayandas Nagindas Gandhi Path,नारायणदास नगीनदास गांधी पथ,,,road,18.504078,73.823099,,,osm_overpass,3 OSM segments; point is median of segment centres
Narhe Gaon Road,,,,road,18.44623,73.825515,,,osm_overpass,1 OSM segments; point is median of segment centres
Narhe Road,,,,road,18.45526,73.821806,,,osm_overpass,3 OSM segments; point is median of segment centres
Narhe-Dhayari Road,,,,road,18.44592,73.821209,,,osm_overpass,1 OSM segments; point is median of segment centres
Narsimha Chintaman Kelkar Marg,नरसिंह चिंतामण केळकर मार्ग,,,road,18.515631,73.847655,,,osm_overpass,4 OSM segments; point is median of segment centres
Narubhau Limaye Path,नरुभाऊ लिमये पथ,,,road,18.5173,73.842066,,,osm_overpass,2 OSM segments; point is median of segment centres
Narveer Tanaji Malusare Marg,नरवीर तानाजी मालुसरे मार्ग (सिंहगड रस्ता),,Sinhagad Road,road,18.466905,73.817887,,,osm_overpass,64 OSM segments; point is median of segment centres
Narveer Tanaji Malusare Marg (Sinhagad Road),नरवीर तानाजी मालुसरे मार्ग (सिंहगड रस्ता),,,road,18.460467,73.812262,,,osm_overpass,5 OSM segments; point is median of segment centres
Nashik Phata-Wakad BRTS,नाशिक फाटा - वाकड BRTS,,,road,18.600901,73.814543,,,osm_overpass,1 OSM segments; point is median of segment centres
National Games Marg,नॅशनल गेम्स मार्ग,,,road,18.56457,73.894782,,,osm_overpass,16 OSM segments; point is median of segment centres
Navale Flyover,नवले उड्डाणपूल,,,road,18.459615,73.823752,,,osm_overpass,9 OSM segments; point is median of segment centres
Naylor Road,नेलर रोड,,,road,18.533965,73.884725,,,osm_overpass,1 OSM segments; point is median of segment centres
NDA Chowk,,,,road,18.505884,73.785036,,,osm_overpass,1 OSM segments; point is median of segment centres
NDA Road,,,,road,18.478891,73.782317,,,osm_overpass,22 OSM segments; point is median of segment centres
Nehrunagar Road,,,,road,18.628281,73.831709,,,osm_overpass,1 OSM segments; point is median of segment centres
Netaji Palkar Chowk,नेताजी पालकर चौक,,,road,18.497268,73.854124,,,osm_overpass,1 OSM segments; point is median of segment centres
Netaji Subhash Marg,नेताजी सुभाष मार्ग,,,road,18.550713,73.841522,,,osm_overpass,1 OSM segments; point is median of segment centres
New Canal Road,,,,road,18.479212,73.82762,,,osm_overpass,2 OSM segments; point is median of segment centres
New DP Road,नवीन डी पी रोड,,New DP Road,road,18.57175,73.790162,,,osm_overpass,16 OSM segments; point is median of segment centres
New Harris Bridge,,,,road,18.574766,73.836224,,,osm_overpass,8 OSM segments; point is median of segment centres
New Holkar Bridge,नवा होळकर पूल,,,road,18.554461,73.862079,,,osm_overpass,4 OSM segments; point is median of segment centres
New Katraj Tunnel,नवीन कात्रज बोगदा,,,road,18.400647,73.850036,,,osm_overpass,1 OSM segments; point is median of segment centres
New Sangam Bridge,नवा संगम पूल,,,road,18.529734,73.860703,,,osm_overpass,3 OSM segments; point is median of segment centres
New Telco Road - Nehru Road,,,,road,18.630319,73.819622,,,osm_overpass,7 OSM segments; point is median of segment centres
New Wakad - Hinjawadi Link Road,,,,road,18.595349,73.747033,,,osm_overpass,2 OSM segments; point is median of segment centres
New Wakadewadi MSRTC Bus Stand Road,,,,road,18.541782,73.851491,,,osm_overpass,2 OSM segments; point is median of segment centres
NIA Road,,,,road,18.574071,73.766057,,,osm_overpass,2 OSM segments; point is median of segment centres
NIBM Road,,,,road,18.476818,73.900746,,,osm_overpass,18 OSM segments; point is median of segment centres
Nigdi Bhosari Road,,,,road,18.630101,73.832235,,,osm_overpass,7 OSM segments; point is median of segment centres
Nilayam Bridge,नीलायम पूल,,,road,18.499015,73.850285,,,osm_overpass,3 OSM segments; point is median of segment centres
Niranjav Madhav Marg,निरंजन माधव मार्ग,,,road,18.520331,73.854179,,,osm_overpass,1 OSM segments; point is median of segment centres
Nivrutti Namdeo Murkute Path,निवृत्ती नामदेव मुरकुटे पथ,,,road,18.51021,73.846291,,,osm_overpass,1 OSM segments; point is median of segment centres
North Main Road,नॉर्थ मेन रोड,,,road,18.539489,73.892662,,,osm_overpass,15 OSM segments; point is median of segment centres
Nyati Evita Road,,,,road,18.608456,73.906814,,,osm_overpass,1 OSM segments; point is median of segment centres
Old Mumbai Pune Highway,ग्रेड सेपरेटर,,,road,18.613398,73.81675,,,osm_overpass,7 OSM segments; point is median of segment centres
Old Mumbai-Pune Highway New Service Lane,,,,road,18.584401,73.833773,,,osm_overpass,2 OSM segments; point is median of segment centres
Old Mundhwa Road,,,,road,18.559806,73.928059,,,osm_overpass,8 OSM segments; point is median of segment centres
Old Pune-Mumbai Highway,,,,road,18.571734,73.837356,,,osm_overpass,4 OSM segments; point is median of segment centres
Old Pune–Mumbai Highway,जुना पुणे-मुंबई महामार्ग,,,road,18.580724,73.83434,,,osm_overpass,89 OSM segments; point is median of segment centres
Oxford Village Society Road,,,,road,18.483008,73.902943,,,osm_overpass,1 OSM segments; point is median of segment centres
Oxygen Zone,,,,road,18.514683,73.930709,,,osm_overpass,1 OSM segments; point is median of segment centres
Padamjee Road,,,,road,18.509994,73.872254,,,osm_overpass,1 OSM segments; point is median of segment centres
Pancard Club Road,,,,road,18.558889,73.777859,,,osm_overpass,13 OSM segments; point is median of segment centres
Panchratna Chowk Road,,,,road,18.591928,73.739653,,,osm_overpass,1 OSM segments; point is median of segment centres
Pandita Ramabai Path,पंडिता रमाबाई पथ,,,road,18.513429,73.871583,,,osm_overpass,1 OSM segments; point is median of segment centres
Pankunwar Firodiya Path,पानकुंवर फिरोदिया पथ,,,road,18.536379,73.832555,,,osm_overpass,1 OSM segments; point is median of segment centres
Panmla road,,,,road,18.499448,73.842187,,,osm_overpass,1 OSM segments; point is median of segment centres
Pashan-Bavdhan Road,पाषाण-बावधन रस्ता,,,road,18.520371,73.782317,,,osm_overpass,21 OSM segments; point is median of segment centres
Pashan-Sus Road,पाषाण-सुस रस्ता,,,road,18.543173,73.787494,,,osm_overpass,21 OSM segments; point is median of segment centres
Pathare Wasti Road,,,,road,18.59762,73.945624,,,osm_overpass,3 OSM segments; point is median of segment centres
Patil nagar road,,,,road,18.513722,73.770356,,,osm_overpass,4 OSM segments; point is median of segment centres
Patil Nagar Road | Windmill Village Road,,,,road,18.50608,73.764538,,,osm_overpass,4 OSM segments; point is median of segment centres
Patrakar Bhavan Path,पत्रकार भवन पथ,,,road,18.509471,73.84275,,,osm_overpass,1 OSM segments; point is median of segment centres
Paud Road,,,,road,18.507235,73.791962,,,osm_overpass,45 OSM segments; point is median of segment centres
Pawana Bridge,,,,road,18.61911,73.797553,,,osm_overpass,2 OSM segments; point is median of segment centres
Phoenix Mall Road,,,,road,18.602414,73.757135,,,osm_overpass,11 OSM segments; point is median of segment centres
Phugewadi-Pimple Gurav Road,,,,road,18.582537,73.826538,,,osm_overpass,8 OSM segments; point is median of segment centres
Pimple Gurav - Dapodi Bridge,पिंपळेगुरव-दापोडी पूल,,,road,18.582684,73.825843,,,osm_overpass,1 OSM segments; point is median of segment centres
Pimple Gurav - Dapodi Road,,,,road,18.582795,73.825392,,,osm_overpass,1 OSM segments; point is median of segment centres
Pimple Gurav Bus Stop Road,,,,road,18.592759,73.819558,,,osm_overpass,2 OSM segments; point is median of segment centres
Pimple Gurav PMPML Bus Stand Road,,,,road,18.592111,73.818274,,,osm_overpass,2 OSM segments; point is median of segment centres
Pimple Gurav Road,,,,road,18.593886,73.818873,,,osm_overpass,9 OSM segments; point is median of segment centres
Pimple Gurav-Dapodi Road,,,,road,18.584008,73.82349,,,osm_overpass,7 OSM segments; point is median of segment centres
Pimple Gurav-Navi Sangvi Road,,,,road,18.582611,73.815868,,,osm_overpass,6 OSM segments; point is median of segment centres
Pimple Nilakh Road,पिंपळे निळख मार्ग,,Pimple Nilakh Road,road,18.564633,73.785795,,,osm_overpass,7 OSM segments; point is median of segment centres
Pimple Saudagar - Kalewadi Road,,,,road,18.602728,73.796305,,,osm_overpass,17 OSM segments; point is median of segment centres
Pimple Saudagar Road,,,,road,18.597084,73.814599,,,osm_overpass,1 OSM segments; point is median of segment centres
Pimple Saudagar-Pimpri Link Road,,,,road,18.609883,73.802222,,,osm_overpass,13 OSM segments; point is median of segment centres
Pimpri Chinchwad Link Road,,,,road,18.627675,73.783621,,,osm_overpass,10 OSM segments; point is median of segment centres
Pimpri Chinchwad Link Road Flyover,,,,road,18.62413,73.800161,,,osm_overpass,4 OSM segments; point is median of segment centres
Pimpri Chowk,,,,road,18.62633,73.805624,,,osm_overpass,1 OSM segments; point is median of segment centres
Pimpri Chowk Underpass,पिंपरी चौक अंडरपास,,,road,18.625782,73.806094,,,osm_overpass,8 OSM segments; point is median of segment centres
Popatrao Nathuji Kalamkar Path,पोपटराव नाथूजी कळमकर पथ,,Popatrao Nathuji Kalamkar Path,road,18.564625,73.78254,,,osm_overpass,3 OSM segments; point is median of segment centres
Porwal Road,,,,road,18.604264,73.910001,,,osm_overpass,2 OSM segments; point is median of segment centres
Porwal Sathe Wasti Road,,,,road,18.601596,73.918116,,,osm_overpass,1 OSM segments; point is median of segment centres
Power House Chowk,,,,road,18.611776,73.803864,,,osm_overpass,1 OSM segments; point is median of segment centres
Prabhat Path,प्रभात पथ,,,road,18.514993,73.832092,,,osm_overpass,4 OSM segments; point is median of segment centres
Prabodhankar Thakare Path,प्रबोधनकार ठाकरे पथ,,,road,18.484514,73.885083,,,osm_overpass,11 OSM segments; point is median of segment centres
Pratapkumar Path,प्रतापकुमार पथ,,,road,18.568293,73.908884,,,osm_overpass,3 OSM segments; point is median of segment centres
Praveen Namdeodada Nimhan Chowk,प्रवीण नामदेवदादा निम्हण चौक,,,road,18.5371,73.793984,,,osm_overpass,7 OSM segments; point is median of segment centres
Prayeja City Road,,,,road,18.471117,73.812019,,,osm_overpass,3 OSM segments; point is median of segment centres
Premlok Park Road,,,,road,18.64086,73.779368,,,osm_overpass,3 OSM segments; point is median of segment centres
Pride world city road,,,,road,18.620394,73.916172,,,osm_overpass,1 OSM segments; point is median of segment centres
Prince Of Wales Drive,,,,road,18.498992,73.895344,,,osm_overpass,13 OSM segments; point is median of segment centres
Pu. Bha. Bhave Path,पु. भा. भावे पथ,,,road,18.506183,73.817549,,,osm_overpass,7 OSM segments; point is median of segment centres
Pulgate PMPML Bus Stand Road,,,,road,18.505751,73.881994,,,osm_overpass,1 OSM segments; point is median of segment centres
Punavale - Jambe Gaon Road,,,,road,18.639044,73.748013,,,osm_overpass,8 OSM segments; point is median of segment centres
Pune Nashik Road,,,,road,18.614628,73.836004,,,osm_overpass,13 OSM segments; point is median of segment centres
Pune Saswad Road,,,,road,18.401648,74.010694,,,osm_overpass,4 OSM segments; point is median of segment centres
Pune-Solapur Road,सोलापूर रस्ता,,,road,18.506274,73.908248,,,osm_overpass,1 OSM segments; point is median of segment centres
Punyadham Ashram Road,,,,road,18.458781,73.896123,,,osm_overpass,1 OSM segments; point is median of segment centres
Punyashlok Ahilyabai Holkar Underpass,पुण्यश्लोक अहिल्याबाई होळकर अंडरपास,,,road,18.630138,73.802391,,,osm_overpass,8 OSM segments; point is median of segment centres
Quarter Gate,क्वार्टर गेट,,,road,18.516246,73.871032,,,osm_overpass,1 OSM segments; point is median of segment centres
R. B. Kumthekar Marg,रा. ब. कुमठेकर मार्ग,,,road,18.51336,73.849348,,,osm_overpass,3 OSM segments; point is median of segment centres
Rahatani Road,,,,road,18.596248,73.789253,,,osm_overpass,3 OSM segments; point is median of segment centres
Rahul Gangavane Path,राहूल गंगावणे पथ,,,road,18.505213,73.797662,,,osm_overpass,4 OSM segments; point is median of segment centres
Rahul Nagar Road,,,,road,18.500049,73.816169,,,osm_overpass,4 OSM segments; point is median of segment centres
Railway Overbridge,,,,road,18.637258,73.791248,,,osm_overpass,6 OSM segments; point is median of segment centres
Raja Bahadur Mill Marg,राजा बहादूर मिल मार्ग,,,road,18.529793,73.863267,,,osm_overpass,9 OSM segments; point is median of segment centres
Raja Mantri Path,राजा मंत्री पथ,,,road,18.49444,73.830095,,,osm_overpass,9 OSM segments; point is median of segment centres
Rajaram Bridge,,,,road,18.488928,73.826717,,,osm_overpass,1 OSM segments; point is median of segment centres
Rajas Socity Road,,,,road,18.450638,73.864079,,,osm_overpass,1 OSM segments; point is median of segment centres
Rajgopalachari Chowk,राजगोपालाचारी चौक,,Rajgopalachari Chowk,road,18.51954,73.868312,,,osm_overpass,2 OSM segments; point is median of segment centres
Rajiv Gandhi Bridge,राजीव गांधी पूल,,,road,18.567909,73.811542,,,osm_overpass,2 OSM segments; point is median of segment centres
Rajiv Gandhi MIDC Road,,,,road,18.592057,73.732594,,,osm_overpass,4 OSM segments; point is median of segment centres
Rajmata Jijau Flyover,,,,road,18.547644,73.771653,,,osm_overpass,6 OSM segments; point is median of segment centres
Rajmata Jijau Marg,,,,road,18.585886,73.817133,,,osm_overpass,2 OSM segments; point is median of segment centres
Rakshak Nagar Gold Road,,,,road,18.552102,73.939453,,,osm_overpass,2 OSM segments; point is median of segment centres
Rakshak Nagar Road,,,,road,18.55186,73.942828,,,osm_overpass,1 OSM segments; point is median of segment centres
Ram Nagar Road,,,,road,18.476027,73.804808,,,osm_overpass,11 OSM segments; point is median of segment centres
Rambaug Colony Road,,,,road,18.511074,73.810678,,,osm_overpass,4 OSM segments; point is median of segment centres
Rambhau Kalate path,रामभाऊ कलाटे पथ,,Rambhau Kalate path,road,18.595044,73.765918,,,osm_overpass,5 OSM segments; point is median of segment centres
Ramchandra Gayakwad Path,रामचंद्र गायकवाड पथ,रामचंद्र गायकवाड पथ,Ramchandra Gayakwad Path,road,18.560509,73.807772,,,osm_overpass,6 OSM segments; point is median of segment centres
Ramchandra More Path,रामचंद्र मोरे पथ,,,road,18.511062,73.805937,,,osm_overpass,7 OSM segments; point is median of segment centres
Ramchandra Sakure Marg,,,,road,18.514561,73.939138,,,osm_overpass,4 OSM segments; point is median of segment centres
Ramchandra Shankar Vaze Path,रामचंद्र शंकर वझे पथ,,,road,18.523715,73.844221,,,osm_overpass,1 OSM segments; point is median of segment centres
Range Hills Road,रेंजहिल्स मार्ग,,,road,18.544326,73.838784,,,osm_overpass,5 OSM segments; point is median of segment centres
Range Hills Road (Temporary Diversion Road),रेंजहिल्स मार्ग,,,road,18.542088,73.836931,,,osm_overpass,1 OSM segments; point is median of segment centres
Rangehills Marg,रेंजहिल्स मार्ग,,,road,18.546784,73.847301,,,osm_overpass,9 OSM segments; point is median of segment centres
Rangehills Marg Railway Underpass,रेंजहिल्स मार्ग रेल्वे अंडरपास,,,road,18.546848,73.847399,,,osm_overpass,1 OSM segments; point is median of segment centres
Raveendra Mhatre Bridge,रवींद्र म्हात्रे पूल,,,road,18.504559,73.835247,,,osm_overpass,6 OSM segments; point is median of segment centres
Ravet - Walhekarwadi Road,,,,road,18.639467,73.757214,,,osm_overpass,6 OSM segments; point is median of segment centres
Ravet To Aundh BRTS Road,,,,road,18.615345,73.765313,,,osm_overpass,10 OSM segments; point is median of segment centres
Ravet Village Road,,,,road,18.64336,73.753101,,,osm_overpass,9 OSM segments; point is median of segment centres
Richardson Road,,,,road,18.527013,73.886123,,,osm_overpass,2 OSM segments; point is median of segment centres
River Road,,,,road,18.623322,73.799637,,,osm_overpass,1 OSM segments; point is median of segment centres
Riverfront Road,,,,road,18.542811,73.940884,,,osm_overpass,6 OSM segments; point is median of segment centres
Riverside Road,,,,road,18.507471,73.836677,,,osm_overpass,4 OSM segments; point is median of segment centres
Rohan Seher Lane,,,,road,18.555477,73.773757,,,osm_overpass,1 OSM segments; point is median of segment centres
Roseland Residency Road,,,,road,18.594686,73.790636,,,osm_overpass,4 OSM segments; point is median of segment centres
S. M. Joshi Bridge,एस. एम. जोशी पूल,,,road,18.510086,73.840029,,,osm_overpass,1 OSM segments; point is median of segment centres
S.M Ghule Patil Rd.,,,,road,18.475234,73.908987,,,osm_overpass,4 OSM segments; point is median of segment centres
Sachapir street,साचापीर स्ट्रीट,,,road,18.515481,73.87568,,,osm_overpass,5 OSM segments; point is median of segment centres
Sadashivrao Bhelke Path,सदाशिवराव भेलके पथ,,,road,18.503433,73.809341,,,osm_overpass,2 OSM segments; point is median of segment centres
Sadguru Morya Gosavi Underpass,सदगुरू मोरया गोसावी अंडरपास,,,road,18.52747,73.851055,,,osm_overpass,5 OSM segments; point is median of segment centres
Sadguru Shankar Maharaj Uddanpul,सद्गुरू शंकर महाराज उड्डाणपूल,,,road,18.467933,73.85729,,,osm_overpass,6 OSM segments; point is median of segment centres
Sadhu Vaswani Chowk,साधु वास्वाणी चौक,,,road,18.524857,73.876718,,,osm_overpass,2 OSM segments; point is median of segment centres
Sadhu Vaswani Path,साधु वास्वाणी पथ,,,road,18.522184,73.876089,,,osm_overpass,4 OSM segments; point is median of segment centres
Saifee Street,,,,road,18.513632,73.879339,,,osm_overpass,1 OSM segments; point is median of segment centres
Sakhare Vasti Road,साखरे वस्ती पथ,,Sakhare Vasti Road,road,18.585101,73.741978,,,osm_overpass,1 OSM segments; point is median of segment centres
Sakore Nagar Road,,,,road,18.561958,73.910628,,,osm_overpass,2 OSM segments; point is median of segment centres
Salunkhe Vihar Road,,,,road,18.481969,73.896201,,,osm_overpass,16 OSM segments; point is median of segment centres
Samartha Path,समर्थ पथ,,,road,18.493015,73.825272,,,osm_overpass,3 OSM segments; point is median of segment centres
Sambaji Nagar Road,,,,road,18.468217,73.855243,,,osm_overpass,5 OSM segments; point is median of segment centres
Sambhaji Bridge,संभाजी पूल,,,road,18.513617,73.843034,,,osm_overpass,7 OSM segments; point is median of segment centres
Samrat Ashok Marg,सम्राट अशोक मार्ग,,,road,18.562879,73.884752,,,osm_overpass,1 OSM segments; point is median of segment centres
Sane Guruji Marg,साने गुरुजी मार्ग,,,road,18.502605,73.850752,,,osm_overpass,9 OSM segments; point is median of segment centres
Sangam Bridge,संगम पूल,,,road,18.528475,73.860449,,,osm_overpass,1 OSM segments; point is median of segment centres
Sangam Hospital Road,,,,road,18.451579,73.911317,,,osm_overpass,2 OSM segments; point is median of segment centres
Sangamwadi Bridge,संगमवाडी पूल,,,road,18.532555,73.855716,,,osm_overpass,7 OSM segments; point is median of segment centres
Sangamwadi Road,संगमवाडी रस्ता,,,road,18.537765,73.863869,,,osm_overpass,11 OSM segments; point is median of segment centres
Sanganna Bharma Dhotre Path,संगन्ना भरमा धोत्रे पथ,,,road,18.534226,73.835536,,,osm_overpass,2 OSM segments; point is median of segment centres
Sangeetkar Shrikant Thakare Road,संगीतकार श्रीकांत ठाकरे रोड,,,road,18.49622,73.802077,,,osm_overpass,1 OSM segments; point is median of segment centres
Sanghvi Kesari Road,संघवी केसरी पथ,संघवी केसरी पथ,Sanghvi Kesari Road,road,18.56093,73.811722,,,osm_overpass,2 OSM segments; point is median of segment centres
Sangunabai Bhoj Path,,,,road,18.487891,73.814886,,,osm_overpass,1 OSM segments; point is median of segment centres
Sangvi Phata Underpass,,,,road,18.573355,73.807548,,,osm_overpass,7 OSM segments; point is median of segment centres
Sangvi Phata-Old Sangvi Road,,,,road,18.575739,73.817902,,,osm_overpass,10 OSM segments; point is median of segment centres
Sangvi Phata-Old Sangvi-Dapodi Road,,,,road,18.578411,73.827046,,,osm_overpass,4 OSM segments; point is median of segment centres
Sanjay Kale Grade Separator,संजय काळे ग्रेड सेपरेटर,,,road,18.645516,73.769879,,,osm_overpass,2 OSM segments; point is median of segment centres
Sant Dyaneshwar Marg,संत ज्ञानेश्वर मार्ग,,,road,18.615725,73.874768,,,osm_overpass,42 OSM segments; point is median of segment centres
Sant Dyaneshwar Marg Flyover,संत ज्ञानेश्वर मार्ग उड्डाणपूल,,,road,18.642253,73.87827,,,osm_overpass,10 OSM segments; point is median of segment centres
Sant Jnaneshwar Marg,संत ज्ञानेश्वर मार्ग,,,road,18.569135,73.874554,,,osm_overpass,11 OSM segments; point is median of segment centres
Sant Tukaram Maharaj Bridge,संत तुकाराम महाराज पूल,,,road,18.6417,73.750385,,,osm_overpass,6 OSM segments; point is median of segment centres
Sapras Road Lokmanya Tilak Road,,,,road,18.555143,73.874321,,,osm_overpass,4 OSM segments; point is median of segment centres
Sardar Moodliar Path,सरदार मुदलियार पथ,,,road,18.519701,73.868413,,,osm_overpass,13 OSM segments; point is median of segment centres
Sargam Socity Road,,,,road,18.482621,73.812739,,,osm_overpass,1 OSM segments; point is median of segment centres
Sasane Nagar Road,,,,road,18.49691,73.933154,,,osm_overpass,15 OSM segments; point is median of segment centres
Sassoon Marg,ससून मार्ग,,,road,18.526807,73.870396,,,osm_overpass,6 OSM segments; point is median of segment centres
Saswad Road,सासवड रस्ता,,,road,18.486143,73.952795,,,osm_overpass,27 OSM segments; point is median of segment centres
Saswad-Bopdev-Pune Road,,,,road,18.431111,73.897993,,,osm_overpass,2 OSM segments; point is median of segment centres
Satara Road,सातारा रस्ता,,,road,18.478128,73.858057,,,osm_overpass,46 OSM segments; point is median of segment centres
SB Patil College Road,,,,road,18.647601,73.743062,,,osm_overpass,4 OSM segments; point is median of segment centres
Senapati Bapat Marg,सेनापती बापट मार्ग,,,road,18.530434,73.829908,,,osm_overpass,5 OSM segments; point is median of segment centres
Service Rd,,,,road,18.512827,73.770619,,,osm_overpass,4 OSM segments; point is median of segment centres
Service Road,,,,road,18.593534,73.802701,,,osm_overpass,41 OSM segments; point is median of segment centres
Shahu College Road,शाहु महाविद्यालय रस्ता,,,road,18.492605,73.851711,,,osm_overpass,6 OSM segments; point is median of segment centres
Shankar Kalate Nagar Road,शंकर कलाटे नगर पथ,,,road,18.598318,73.758377,,,osm_overpass,1 OSM segments; point is median of segment centres
Shankar Rao Lohane Marg,,,,road,18.496718,73.873092,,,osm_overpass,1 OSM segments; point is median of segment centres
Shankarao Gaikwad Path,शंकरराव गायकवाड पथ,शंकरराव गायकवाड पथ,Shankarao Gaikwad Path,road,18.555258,73.805626,,,osm_overpass,2 OSM segments; point is median of segment centres
Shankarrao Kanitkar Path,शंकरराव कानिटकर पथ,,,road,18.52459,73.847186,,,osm_overpass,1 OSM segments; point is median of segment centres
Shankarrao Lahane Marg,शंकरराव लहाने मार्ग,,,road,18.496494,73.862485,,,osm_overpass,6 OSM segments; point is median of segment centres
Shankarshet Road Underpass,शंकरशेठ रोड अंडरपास,,,road,18.500694,73.857742,,,osm_overpass,4 OSM segments; point is median of segment centres
Shastri Chowk - Dighi Road,,,,road,18.621748,73.858244,,,osm_overpass,1 OSM segments; point is median of segment centres
Shatlejatat Dhandge Path - Station Road,,,,road,18.624648,73.802891,,,osm_overpass,7 OSM segments; point is median of segment centres
Shiddheshwar Path,सिद्धेश्वर पथ,,,road,18.522362,73.863813,,,osm_overpass,1 OSM segments; point is median of segment centres
Shinde Paar Chowk,शिंदे पार चौक,,,road,18.518062,73.850047,,,osm_overpass,1 OSM segments; point is median of segment centres
Shinde Wasti MIDC Road,,,,road,18.649751,73.752158,,,osm_overpass,1 OSM segments; point is median of segment centres
Shiv Darshan Chowk,,,,road,18.492513,73.854132,,,osm_overpass,1 OSM segments; point is median of segment centres
Shiv Darshan Road,,,,road,18.481209,73.854082,,,osm_overpass,11 OSM segments; point is median of segment centres
Shiv Sai Lane,,,,road,18.600248,73.798592,,,osm_overpass,1 OSM segments; point is median of segment centres
Shiv Shakti Chowk,शिवशक्ती चौक,शिवशक्ती चौक,Shiv Shakti Chowk,road,18.54429,73.781447,,,osm_overpass,1 OSM segments; point is median of segment centres
Shivaji Bridge,शिवाजी पूल,,,road,18.522581,73.854655,,,osm_overpass,1 OSM segments; point is median of segment centres
Shivaji Chowk,,,,road,18.591331,73.738965,,,osm_overpass,1 OSM segments; point is median of segment centres
Shivaji Putala,,,,road,18.502129,73.813474,,,osm_overpass,1 OSM segments; point is median of segment centres
Shivaji Road,शिवाजी रस्ता,,,road,18.521678,73.855065,,,osm_overpass,26 OSM segments; point is median of segment centres
Shivajinagar Railway Station Road,,,,road,18.530701,73.849782,,,osm_overpass,1 OSM segments; point is median of segment centres
Shivar Chowk,शिवार चौक,,,road,18.595322,73.788213,,,osm_overpass,1 OSM segments; point is median of segment centres
Shivneri Marg,शिवनेरी मार्ग,,,road,18.489427,73.863383,,,osm_overpass,7 OSM segments; point is median of segment centres
Shivraj Nagar - Kokane Chowk Road,,,,road,18.598718,73.787671,,,osm_overpass,6 OSM segments; point is median of segment centres
Shivrajnagar Road,शिवराजनगर मार्ग,,,road,18.603765,73.756401,,,osm_overpass,5 OSM segments; point is median of segment centres
Shivram Mhatre Path,शिवराम म्हात्रे पथ,,,road,18.511245,73.843206,,,osm_overpass,3 OSM segments; point is median of segment centres
Shree Chatrapati Shivaji Maharaj Flyover,श्री छत्रपती शिवाजी महाराज उड्डाणपूल,,Shree Chatrapati Shivaji Maharaj Flyover,road,18.61516,73.765492,,,osm_overpass,6 OSM segments; point is median of segment centres
Shree Control Chowk Road,,,,road,18.443178,73.819402,,,osm_overpass,3 OSM segments; point is median of segment centres
Shree Datta Colony Street,,,,road,18.531203,73.950304,,,osm_overpass,1 OSM segments; point is median of segment centres
Shree Sant Dnyaneshwar Maharaj and Shree Sant Tukaram Maharaj Flyover,श्री संत ज्ञानेश्वर महाराज आणि श्री संत तुकाराम महाराज उड्डाणपूल,,,road,18.499722,73.939211,,,osm_overpass,4 OSM segments; point is median of segment centres
Shreekeshar Street,,,,road,18.650228,73.790926,,,osm_overpass,1 OSM segments; point is median of segment centres
Shreenath Mhaskoba Flyover,श्रीनाथ म्हस्कोबा उड्डाणपूल,,,road,18.529675,73.90641,,,osm_overpass,8 OSM segments; point is median of segment centres
Shri Chatrapati Shivaji Maharaj Road,श्री छत्रपती शिवाजी महाराज मार्ग,,,road,18.603676,73.77228,,,osm_overpass,4 OSM segments; point is median of segment centres
Shri Siddhivinayak Path,श्री सिद्धिविनायक पथ,,,road,18.518813,73.862725,,,osm_overpass,1 OSM segments; point is median of segment centres
Shrikant Thackeray Path,श्रीकांत ठाकरे पथ,,,road,18.499958,73.802161,,,osm_overpass,8 OSM segments; point is median of segment centres
Shrimant Mahadji Shinde Pul,श्रीमंत महादजी शिंदे पूल,,,road,18.567978,73.807746,,,osm_overpass,4 OSM segments; point is median of segment centres
Shripati Shastri Path,श्रीपती शास्त्री पथ,,,road,18.512741,73.830483,,,osm_overpass,1 OSM segments; point is median of segment centres
Sinhagad Ghat Road,,,,road,18.387322,73.776884,,,osm_overpass,1 OSM segments; point is median of segment centres
Sinhagad Road Exit,,,,road,18.456619,73.825732,,,osm_overpass,1 OSM segments; point is median of segment centres
Sinhagad Road Flyover,,,,road,18.485803,73.828251,,,osm_overpass,7 OSM segments; point is median of segment centres
Sinhgad College Road,,,,road,18.453817,73.838852,,,osm_overpass,1 OSM segments; point is median of segment centres
Sitaram Abaji Bibve Path,सीताराम आबाजी बिबवे पथ,,,road,18.474988,73.860129,,,osm_overpass,1 OSM segments; point is median of segment centres
Slip Road to Tower-3/4,,,,road,18.511024,73.926076,,,osm_overpass,2 OSM segments; point is median of segment centres
Smita Patil Path,स्मिता पाटील पथ,,,road,18.528428,73.877808,,,osm_overpass,1 OSM segments; point is median of segment centres
Solapur Road,,,,road,18.502446,73.927358,,,osm_overpass,84 OSM segments; point is median of segment centres
Solapur Road Flyover,सोलापूर रोड उड्डाणपूल,,,road,18.501693,73.931145,,,osm_overpass,15 OSM segments; point is median of segment centres
Solapur Road Flyover Ramp,,,,road,18.499464,73.939679,,,osm_overpass,2 OSM segments; point is median of segment centres
Somnath Nagar Road,,,,road,18.552197,73.921149,,,osm_overpass,2 OSM segments; point is median of segment centres
Sopan Baug Road,,,,road,18.516189,73.902243,,,osm_overpass,5 OSM segments; point is median of segment centres
Sopan Nagar Road,,,,road,18.598669,73.944505,,,osm_overpass,1 OSM segments; point is median of segment centres
South Avenue,साउथ अव्हेन्यू,,,road,18.543754,73.900967,,,osm_overpass,2 OSM segments; point is median of segment centres
South Main Road,,,,road,18.533076,73.892423,,,osm_overpass,4 OSM segments; point is median of segment centres
South Street,,,,road,18.558591,73.893611,,,osm_overpass,2 OSM segments; point is median of segment centres
Spine Road,,,,road,18.652002,73.8402,,,osm_overpass,5 OSM segments; point is median of segment centres
Sqn Ldr Sureshchandra Bhagwat Marg,स्क्वाड्रन लीडर सुरेशचंद्र भागवत मार्ग,,,road,18.529055,73.840033,,,osm_overpass,7 OSM segments; point is median of segment centres
Srushti Chowk-Pimple Gurav-Ramkrushna Mangal Karyalay,,,,road,18.591204,73.820854,,,osm_overpass,1 OSM segments; point is median of segment centres
Station Road,,,,road,18.52159,73.866127,,,osm_overpass,1 OSM segments; point is median of segment centres
Suncity Exit Road,,,,road,18.473837,73.810309,,,osm_overpass,1 OSM segments; point is median of segment centres
Suncity Road,,,,road,18.477235,73.819224,,,osm_overpass,17 OSM segments; point is median of segment centres
Sunset Boulevard,,,,road,18.576018,73.904682,,,osm_overpass,2 OSM segments; point is median of segment centres
Suraj Road,,,,road,18.627382,73.782253,,,osm_overpass,4 OSM segments; point is median of segment centres
Sus Road,सुस मार्ग,,Sus Road,road,18.547823,73.771044,,,osm_overpass,7 OSM segments; point is median of segment centres
Sus-Pashan Highway Ramp,,,,road,18.54742,73.774001,,,osm_overpass,1 OSM segments; point is median of segment centres
Susie Sorabjee Road,,,,road,18.523821,73.874376,,,osm_overpass,1 OSM segments; point is median of segment centres
Sutarwadi Road,सुतारवाडी रस्ता,,,road,18.537123,73.791278,,,osm_overpass,8 OSM segments; point is median of segment centres
Sutarwadi-Pashan Link Road,,,,road,18.540866,73.784851,,,osm_overpass,2 OSM segments; point is median of segment centres
Svatantryaveer Savarkar Flyover,स्वातंत्र्यवीर सावरकर उड्डाणपूल,,,road,18.506251,73.825505,,,osm_overpass,3 OSM segments; point is median of segment centres
Svatantryaveer Savarkar Path,स्वातंत्र्यवीर सावरकर पथ,स्वातंत्र्यवीर सावरकर पथ,,road,18.650359,73.775319,,,osm_overpass,2 OSM segments; point is median of segment centres
Swami Vivekanand Marg,स्वामी विवेकानंद मार्ग,,,road,18.472766,73.863029,,,osm_overpass,20 OSM segments; point is median of segment centres
Symbiosis Law School Road,,,,road,18.574839,73.91121,,,osm_overpass,2 OSM segments; point is median of segment centres
T Saheb KK Marg,अप्पासाहेब भागवत पथ,,,road,18.519512,73.849662,,,osm_overpass,3 OSM segments; point is median of segment centres
Tadiwala Road,,,,road,18.530477,73.874898,,,osm_overpass,1 OSM segments; point is median of segment centres
Tanaji Malusare Path,तानाजी मालुसरे पथ,,,road,18.499375,73.851895,,,osm_overpass,7 OSM segments; point is median of segment centres
Tarkeswar Bridge,बंडगार्डन पूल,,,road,18.543321,73.885052,,,osm_overpass,2 OSM segments; point is median of segment centres
Tata Motors Road,,,,road,18.641559,73.795856,,,osm_overpass,2 OSM segments; point is median of segment centres
Thakar Nagar Road,,,,road,18.57308,73.720657,,,osm_overpass,1 OSM segments; point is median of segment centres
The London Bridge,,,,road,18.478218,73.831747,,,osm_overpass,1 OSM segments; point is median of segment centres
Thorale Madhavrao Peshve Path,,,,road,18.501903,73.861138,,,osm_overpass,1 OSM segments; point is median of segment centres
Trillium Road,,,,road,18.518076,73.926424,,,osm_overpass,2 OSM segments; point is median of segment centres
Tupe Patil Road,,,,road,18.502723,73.936887,,,osm_overpass,3 OSM segments; point is median of segment centres
Underpass,,,,road,18.556679,73.844627,,,osm_overpass,17 OSM segments; point is median of segment centres
Undri Pisoli Road,,,,road,18.45126,73.89563,,,osm_overpass,9 OSM segments; point is median of segment centres
University Road,विद्यापीठ रस्ता,विद्यापीठ रास्ता,University Road,road,18.559101,73.815962,,,osm_overpass,21 OSM segments; point is median of segment centres
Upper Kharadi Main Rd,,,,road,18.566964,73.962717,,,osm_overpass,1 OSM segments; point is median of segment centres
V G alias Abasaheb Patwardhan Road,वि. गो उर्फ़ आबासाहेब पटवर्धन रोड,,,road,18.497858,73.832232,,,osm_overpass,4 OSM segments; point is median of segment centres
V. S. Khandekar Chowk,वि. स. खांडेकर चौक,,,road,18.520211,73.830508,,,osm_overpass,1 OSM segments; point is median of segment centres
Vaishnao Mata Marg,,,,road,18.645409,73.845503,,,osm_overpass,11 OSM segments; point is median of segment centres
Vastu Udyog Roadg,,,,road,18.632905,73.817915,,,osm_overpass,2 OSM segments; point is median of segment centres
Vasudev Balvant Phadke Path,वासुदेव बळवंत फडके पथ,,,road,18.512478,73.850448,,,osm_overpass,4 OSM segments; point is median of segment centres
Ved Bhavan Marg,वेद मार्ग,,,road,18.507174,73.788868,,,osm_overpass,1 OSM segments; point is median of segment centres
Ved Marg (Service Road),,,,road,18.501104,73.791248,,,osm_overpass,1 OSM segments; point is median of segment centres
Veer Baji Pasalkar Path,वीर बाजी पासलकर पथ,,,road,18.496892,73.856196,,,osm_overpass,3 OSM segments; point is median of segment centres
Veer Santaji Ghorpade Marg,वीर संताजी घोरपडे मार्ग,,,road,18.524293,73.858518,,,osm_overpass,10 OSM segments; point is median of segment centres
Veer Santaji Ghorpade Road,वीर संताजी घोरपडे रस्ता,वीर संताजी घोरपडे़ मार्ग,,road,18.526835,73.861941,,,osm_overpass,3 OSM segments; point is median of segment centres
Vibgyor School Road,,,,road,18.595896,73.802696,,,osm_overpass,2 OSM segments; point is median of segment centres
Victoria Road,,,,road,18.515759,73.895508,,,osm_overpass,1 OSM segments; point is median of segment centres
Viman Nagar Avenue 1,,,,road,18.56061,73.911702,,,osm_overpass,9 OSM segments; point is median of segment centres
Viman Nagar Avenue 2,,,,road,18.561976,73.913854,,,osm_overpass,2 OSM segments; point is median of segment centres
Viman Nagar Road,,,,road,18.565121,73.918175,,,osm_overpass,16 OSM segments; point is median of segment centres
Vinod Pathak Path,विनोद पाठक पथ,,,road,18.522046,73.875904,,,osm_overpass,4 OSM segments; point is median of segment centres
Vishnushastri Chiplunkar Path,विष्णुशास्त्री चिपळूणकर पथ,,,road,18.517123,73.830185,,,osm_overpass,13 OSM segments; point is median of segment centres
Vishrantwadi - Airport Road,,,,road,18.573072,73.881858,,,osm_overpass,16 OSM segments; point is median of segment centres
Vishrantwadi - Dhanori Road,,,,road,18.573276,73.878778,,,osm_overpass,10 OSM segments; point is median of segment centres
Vishwanath Dinkar Narawane Path,विश्वनाथ दिनकर नरवणे पथ,,,road,18.509697,73.829007,,,osm_overpass,2 OSM segments; point is median of segment centres
Vishwashanti Marg,विश्वशांती मार्ग,,,road,18.510645,73.815748,,,osm_overpass,1 OSM segments; point is median of segment centres
Vithal Mandir Road,,,,road,18.490447,73.824506,,,osm_overpass,2 OSM segments; point is median of segment centres
Vitthalrao Shivarkar Marg,विठ्ठलराव शिवरकर मार्ग,,,road,18.483956,73.900589,,,osm_overpass,3 OSM segments; point is median of segment centres
Wadgaon Bundruk - Narhe Road,,,,road,18.463015,73.825125,,,osm_overpass,4 OSM segments; point is median of segment centres
Wadgaon Shinde Road,,,,road,18.620061,73.943277,,,osm_overpass,1 OSM segments; point is median of segment centres
Wadia College Flyover,वाडिया कॉलेज उड्डाणपूल,,,road,18.530422,73.879183,,,osm_overpass,2 OSM segments; point is median of segment centres
Wadki Road,,,,road,18.456444,73.981946,,,osm_overpass,1 OSM segments; point is median of segment centres
Wakad - Bhosari BRTS Road | Pimple Saudagar Road | Wakad - Nashik Phata BRTS Road,,,,road,18.599333,73.809188,,,osm_overpass,3 OSM segments; point is median of segment centres
Wakad - Nashik Phata BRTS Road | Wakad - Bhosari BRTS Road | Nashik Phata Road,,,,road,18.597755,73.801318,,,osm_overpass,14 OSM segments; point is median of segment centres
Wakad Chowk,वाकड चौक,,Wakad Chowk,road,18.592351,73.762842,,,osm_overpass,1 OSM segments; point is median of segment centres
Wakad Flyover,वाकड उड्डाणपूल,,Wakad Flyover,road,18.592197,73.757893,,,osm_overpass,7 OSM segments; point is median of segment centres
Wakad Road,,,,road,18.588744,73.778671,,,osm_overpass,21 OSM segments; point is median of segment centres
Wakad Road Underpass,वाकड रोड अंडरपास,,,road,18.58682,73.79052,,,osm_overpass,3 OSM segments; point is median of segment centres
Walhekarwadi Road,,,,road,18.644141,73.765368,,,osm_overpass,2 OSM segments; point is median of segment centres
Walhekarwadi-Birla Hospital Road,,,,road,18.630111,73.774987,,,osm_overpass,2 OSM segments; point is median of segment centres
Walhekarwadi-Chapekar Chowk Road,,,,road,18.631567,73.770947,,,osm_overpass,32 OSM segments; point is median of segment centres
Warje Atul Nagar Road,,,,road,18.484488,73.793333,,,osm_overpass,6 OSM segments; point is median of segment centres
Warje Exit,,,,road,18.479484,73.805073,,,osm_overpass,12 OSM segments; point is median of segment centres
Warje Police Station Road,,,,road,18.481645,73.801999,,,osm_overpass,1 OSM segments; point is median of segment centres
Warje Road,,,,road,18.484782,73.799458,,,osm_overpass,15 OSM segments; point is median of segment centres
Weikfield Circle,,,,road,18.578605,73.90386,,,osm_overpass,1 OSM segments; point is median of segment centres
West Avenue,,,,road,18.550442,73.897547,,,osm_overpass,9 OSM segments; point is median of segment centres
West Street Genba Moze Road,,,,road,18.556698,73.89738,,,osm_overpass,1 OSM segments; point is median of segment centres
Westerly Diversion,पश्चिम बाह्यवळण,,,road,18.559227,73.769366,,,osm_overpass,4 OSM segments; point is median of segment centres
Western High Street,,,,road,18.601421,73.755696,,,osm_overpass,3 OSM segments; point is median of segment centres
Wonder City Road,,,,road,18.453704,73.853708,,,osm_overpass,1 OSM segments; point is median of segment centres
Yashwantrao Chavan Bridge,यशवंतराव चव्हाण पूल,,,road,18.512905,73.840698,,,osm_overpass,2 OSM segments; point is median of segment centres
Yeshwantrao Chavan Road,,,,road,18.614416,73.816758,,,osm_overpass,10 OSM segments; point is median of segment centres
Bavdhan,बावधन,,,ambiguous,18.520954,73.778087,,,osm_overpass,same name at points 1.9 km apart; do not use to locate
